fold,seed,condition,val_pr_auc,val_f1,val_threshold,n_val_labeled,train_time_seconds,n_adapt_events,walk_time_seconds
fold1,42,static,0.8852459252896665,0.8405341712490181,0.4747813419946408,5617,18.247,,
fold1,42,adaptive,0.8296993241366697,0.8342498036135114,0.9468455505651968,5617,18.247,4.0,25.067
fold1,123,static,0.8638734721345607,0.8273092369477911,0.6663666757126582,5617,17.743,,
fold1,123,adaptive,0.8800274740812833,0.8609168609168609,0.9240131382329954,5617,17.743,4.0,24.707
fold1,456,static,0.8758312034956092,0.8399034593724859,0.629040504537168,5617,18.238,,
fold1,456,adaptive,0.9003123736769363,0.8192,0.9118465530643972,5617,18.238,4.0,25.558
fold1,789,static,0.8753316134947247,0.8427773343974462,0.6315404582802466,5617,20.721,,
fold1,789,adaptive,0.897031209697169,0.8341158059467919,0.8584551365691013,5617,20.721,4.0,26.805
fold1,2024,static,0.8616579217915158,0.8302180685358256,0.4893934228810527,5617,20.334,,
fold1,2024,adaptive,0.8802040945234816,0.8335974643423137,0.8767957576159557,5617,20.334,4.0,27.798
fold2,42,static,0.9878825497215187,0.9621212121212122,0.44611122810541415,2775,21.825,,
fold2,42,adaptive,0.9693649623794447,0.9342403628117913,0.6908382322243248,2775,21.825,4.0,10.805
fold2,123,static,0.9880320690502749,0.9609793420045907,0.5205867020186111,2775,20.008,,
fold2,123,adaptive,0.9773975748950581,0.9429892141756548,0.8479897098358274,2775,20.008,4.0,8.693
fold2,456,static,0.9900584143553373,0.9657273419649657,0.4996585519428371,2775,19.383,,
fold2,456,adaptive,0.9660674482732071,0.9240972733971997,0.5405300184279884,2775,19.383,4.0,8.814
fold2,789,static,0.9881958419233525,0.9575757575757575,0.3843130663261848,2775,19.91,,
fold2,789,adaptive,0.9667747845488402,0.9251297257227576,0.3724423041372198,2775,19.91,4.0,8.591
fold2,2024,static,0.985649875555313,0.9579188982402448,0.525690334243882,2775,19.069,,
fold2,2024,adaptive,0.9699702551854481,0.9347496206373292,0.7539566905089322,2775,19.069,4.0,8.566
fold3,42,static,0.9927549306711267,0.9680759275237274,0.8176197274135263,3513,20.367,,
fold3,42,adaptive,0.9796645006435698,0.9501267962806424,0.7157166412345349,3513,20.367,4.0,17.928
fold3,123,static,0.9921262712964786,0.9654576856649395,0.8358536773341388,3513,20.247,,
fold3,123,adaptive,0.9822189752373085,0.9533502968617472,0.7677869713526992,3513,20.247,4.0,17.946
fold3,456,static,0.9896089290366762,0.9615055603079555,0.7185942605924488,3513,20.098,,
fold3,456,adaptive,0.9633686892450691,0.9163281884646629,0.4495239919725845,3513,20.098,4.0,18.02
fold3,789,static,0.9901671573384159,0.9621993127147767,0.7547899540371522,3513,19.914,,
fold3,789,adaptive,0.9790130285551599,0.9447322970639033,0.7442888702809334,3513,19.914,4.0,17.847
fold3,2024,static,0.9904750375742388,0.9642248722316865,0.7225570651779151,3513,19.848,,
fold3,2024,adaptive,0.9729538268145204,0.9357798165137615,0.5843531960605282,3513,19.848,4.0,17.822
