fold,seed,n_train,n_val,best_epoch,val_pr_auc,val_f1,val_threshold,train_time_seconds
fold1,42,17989,5617,200,0.7696212882705493,0.7431693989071039,0.9494085311889648,12.84
fold1,123,17989,5617,197,0.7555776249885363,0.7376,0.961237907409668,11.71
fold1,456,17989,5617,193,0.7615309577769948,0.7375306623058054,0.9775562882423401,12.99
fold2,42,23606,2775,189,0.9458877076869214,0.9181102362204724,0.8905213475227356,15.12
fold2,123,23606,2775,179,0.9357441033425288,0.9160419790104948,0.8046110272407532,14.35
fold2,456,23606,2775,193,0.9352513323067735,0.9187547456340167,0.8086780905723572,14.39
fold3,42,26381,3513,179,0.8982231901259404,0.8747967479674796,0.7595521211624146,15.99
fold3,123,26381,3513,168,0.8873356361755234,0.8855967078189301,0.8185601830482483,16.9
fold3,456,26381,3513,190,0.8930388078194335,0.8812980358667806,0.8903905749320984,16.2
