model,config_index,max_depth,min_samples_leaf,max_features,n_estimators,fold,seed,n_train,n_val,val_pr_auc,val_f1,val_threshold,learning_rate,max_iter
random_forest,0,8.0,1,sqrt,200.0,fold1,42,17989,5617,0.8471191616275675,0.8076602830974188,0.7706123105970978,,
random_forest,0,8.0,1,sqrt,200.0,fold1,123,17989,5617,0.8491845916101569,0.808298755186722,0.7498903434619176,,
random_forest,0,8.0,1,sqrt,200.0,fold1,456,17989,5617,0.8499140293512197,0.8063175394846218,0.7832877740435562,,
random_forest,0,8.0,1,sqrt,200.0,fold1,789,17989,5617,0.8483364558738231,0.8109452736318408,0.7488089709563579,,
random_forest,0,8.0,1,sqrt,200.0,fold1,2024,17989,5617,0.8487534968616859,0.8069883527454242,0.7606946887070811,,
random_forest,0,8.0,1,sqrt,200.0,fold2,42,23606,2775,0.9830488084202899,0.9550118389897395,0.7483751013657411,,
random_forest,0,8.0,1,sqrt,200.0,fold2,123,23606,2775,0.982863598793051,0.9506656225528582,0.694670139232811,,
random_forest,0,8.0,1,sqrt,200.0,fold2,456,23606,2775,0.9823312450819177,0.9505882352941176,0.6756809007557824,,
random_forest,0,8.0,1,sqrt,200.0,fold2,789,23606,2775,0.9826584965497454,0.9546875,0.6943045830395514,,
random_forest,0,8.0,1,sqrt,200.0,fold2,2024,23606,2775,0.9834168663257308,0.953579858379229,0.7108208727239815,,
random_forest,0,8.0,1,sqrt,200.0,fold3,42,26381,3513,0.9807951843735577,0.9641638225255973,0.7057845021284425,,
random_forest,0,8.0,1,sqrt,200.0,fold3,123,26381,3513,0.9772536130034976,0.9572506286672254,0.6604703963142314,,
random_forest,0,8.0,1,sqrt,200.0,fold3,456,26381,3513,0.9815834377888618,0.9652247667514843,0.6962039608835362,,
random_forest,0,8.0,1,sqrt,200.0,fold3,789,26381,3513,0.9829106677039668,0.9668085106382979,0.6925364710933054,,
random_forest,0,8.0,1,sqrt,200.0,fold3,2024,26381,3513,0.9823194054087326,0.9659863945578231,0.6801935798595578,,
random_forest,1,8.0,1,log2,300.0,fold1,42,17989,5617,0.8426552931799349,0.8033195020746888,0.7547521119649298,,
random_forest,1,8.0,1,log2,300.0,fold1,123,17989,5617,0.8410588956773456,0.8039867109634552,0.7528162407976887,,
random_forest,1,8.0,1,log2,300.0,fold1,456,17989,5617,0.8425186712455495,0.8036605657237936,0.776773622110034,,
random_forest,1,8.0,1,log2,300.0,fold1,789,17989,5617,0.841372626321166,0.802653399668325,0.7570823534333722,,
random_forest,1,8.0,1,log2,300.0,fold1,2024,17989,5617,0.840266114334685,0.8039702233250621,0.7487764245847366,,
random_forest,1,8.0,1,log2,300.0,fold2,42,23606,2775,0.9809222366038097,0.9499217527386542,0.6742138189695464,,
random_forest,1,8.0,1,log2,300.0,fold2,123,23606,2775,0.9813566787226214,0.950510604870385,0.6987407154233748,,
random_forest,1,8.0,1,log2,300.0,fold2,456,23606,2775,0.9809952189649107,0.9508196721311475,0.6626573396594244,,
random_forest,1,8.0,1,log2,300.0,fold2,789,23606,2775,0.9821820618689496,0.952156862745098,0.6756421725037024,,
random_forest,1,8.0,1,log2,300.0,fold2,2024,23606,2775,0.9822472858535638,0.9495733126454616,0.6285494937300573,,
random_forest,1,8.0,1,log2,300.0,fold3,42,26381,3513,0.9736700658580589,0.9524603836530442,0.6253425812149093,,
random_forest,1,8.0,1,log2,300.0,fold3,123,26381,3513,0.9776216266286016,0.957983193277311,0.6652530234523334,,
random_forest,1,8.0,1,log2,300.0,fold3,456,26381,3513,0.9738834687039502,0.9515859766277128,0.6195702856117515,,
random_forest,1,8.0,1,log2,300.0,fold3,789,26381,3513,0.97579571973798,0.9538977367979883,0.6492493320938152,,
random_forest,1,8.0,1,log2,300.0,fold3,2024,26381,3513,0.9742916069751391,0.9516666666666667,0.6236559432785491,,
random_forest,2,8.0,5,sqrt,300.0,fold1,42,17989,5617,0.8483784170262242,0.8066390041493776,0.7680787683964597,,
random_forest,2,8.0,5,sqrt,300.0,fold1,123,17989,5617,0.8492683960113129,0.8075970272502064,0.7432596514562374,,
random_forest,2,8.0,5,sqrt,300.0,fold1,456,17989,5617,0.8458335492048705,0.8056713928273561,0.7960395327757371,,
random_forest,2,8.0,5,sqrt,300.0,fold1,789,17989,5617,0.8480064829151692,0.8086522462562395,0.7844387023535093,,
random_forest,2,8.0,5,sqrt,300.0,fold1,2024,17989,5617,0.8500808312765898,0.8079800498753117,0.7815746462222641,,
random_forest,2,8.0,5,sqrt,300.0,fold2,42,23606,2775,0.9831875912618024,0.9544025157232704,0.7392571925430254,,
random_forest,2,8.0,5,sqrt,300.0,fold2,123,23606,2775,0.9837380357398958,0.9523064894448788,0.6895775389429394,,
random_forest,2,8.0,5,sqrt,300.0,fold2,456,23606,2775,0.9827917914466652,0.9519306540583137,0.7300866577077196,,
random_forest,2,8.0,5,sqrt,300.0,fold2,789,23606,2775,0.981642928957967,0.9518547750591949,0.7375726438748812,,
random_forest,2,8.0,5,sqrt,300.0,fold2,2024,23606,2775,0.9827776755483802,0.9534333070244673,0.7485413314889471,,
random_forest,2,8.0,5,sqrt,300.0,fold3,42,26381,3513,0.9825548665181636,0.9641638225255973,0.7112241219653589,,
random_forest,2,8.0,5,sqrt,300.0,fold3,123,26381,3513,0.9786045517689519,0.9581939799331104,0.6545652262331899,,
random_forest,2,8.0,5,sqrt,300.0,fold3,456,26381,3513,0.9820676915646267,0.9668085106382979,0.6973975774721665,,
random_forest,2,8.0,5,sqrt,300.0,fold3,789,26381,3513,0.982298891121832,0.9651656754460493,0.6879542381700479,,
random_forest,2,8.0,5,sqrt,300.0,fold3,2024,26381,3513,0.9841279658221495,0.9665236051502146,0.7346583262896982,,
random_forest,3,8.0,5,log2,200.0,fold1,42,17989,5617,0.842228960627696,0.8026644462947544,0.7696083022818656,,
random_forest,3,8.0,5,log2,200.0,fold1,123,17989,5617,0.8412988730425417,0.8052805280528053,0.7368388504227323,,
random_forest,3,8.0,5,log2,200.0,fold1,456,17989,5617,0.8429999153525578,0.8040033361134279,0.7729252853973324,,
random_forest,3,8.0,5,log2,200.0,fold1,789,17989,5617,0.8441810181708118,0.8040033361134279,0.7701448648656728,,
random_forest,3,8.0,5,log2,200.0,fold1,2024,17989,5617,0.8405129528528693,0.8046550290939318,0.7648560260376428,,
random_forest,3,8.0,5,log2,200.0,fold2,42,23606,2775,0.9806444913094432,0.9494949494949495,0.6554793561409685,,
random_forest,3,8.0,5,log2,200.0,fold2,123,23606,2775,0.9824032073488491,0.9497645211930926,0.6987668980354889,,
random_forest,3,8.0,5,log2,200.0,fold2,456,23606,2775,0.9799353794105243,0.9486780715396579,0.642084159611947,,
random_forest,3,8.0,5,log2,200.0,fold2,789,23606,2775,0.9816104450164922,0.9518547750591949,0.7199940513922507,,
random_forest,3,8.0,5,log2,200.0,fold2,2024,23606,2775,0.9811760501612142,0.9476117103235747,0.6142959429740822,,
random_forest,3,8.0,5,log2,200.0,fold3,42,26381,3513,0.9665897038219974,0.9379084967320261,0.5934803562106957,,
random_forest,3,8.0,5,log2,200.0,fold3,123,26381,3513,0.9784838488981841,0.9559322033898305,0.6744188434278324,,
random_forest,3,8.0,5,log2,200.0,fold3,456,26381,3513,0.9722764968604602,0.9417637271214643,0.6190880915062544,,
random_forest,3,8.0,5,log2,200.0,fold3,789,26381,3513,0.9695680610014801,0.9393442622950819,0.5842570701857392,,
random_forest,3,8.0,5,log2,200.0,fold3,2024,26381,3513,0.9784365648317606,0.9594594594594594,0.6754645633973645,,
random_forest,4,16.0,1,sqrt,300.0,fold1,42,17989,5617,0.8649234305717094,0.8275316455696202,0.39215170152291173,,
random_forest,4,16.0,1,sqrt,300.0,fold1,123,17989,5617,0.8636287222131187,0.8298887122416534,0.41333333333333333,,
random_forest,4,16.0,1,sqrt,300.0,fold1,456,17989,5617,0.8649886284298748,0.8310864393338621,0.41285241740820183,,
random_forest,4,16.0,1,sqrt,300.0,fold1,789,17989,5617,0.8609461895375013,0.8236208236208237,0.359630742867524,,
random_forest,4,16.0,1,sqrt,300.0,fold1,2024,17989,5617,0.8642359949591197,0.8299531981279251,0.3673317190726301,,
random_forest,4,16.0,1,sqrt,300.0,fold2,42,23606,2775,0.9912828074240344,0.9571984435797666,0.4475598214793323,,
random_forest,4,16.0,1,sqrt,300.0,fold2,123,23606,2775,0.9897620058091744,0.9580093312597201,0.4640561777021559,,
random_forest,4,16.0,1,sqrt,300.0,fold2,456,23606,2775,0.9896951969603303,0.9579439252336449,0.47204539877671947,,
random_forest,4,16.0,1,sqrt,300.0,fold2,789,23606,2775,0.990396004763326,0.9571984435797666,0.4618097420800433,,
random_forest,4,16.0,1,sqrt,300.0,fold2,2024,23606,2775,0.991051602663109,0.958139534883721,0.43670669863411804,,
random_forest,4,16.0,1,sqrt,300.0,fold3,42,26381,3513,0.9878502832518493,0.9717223650385605,0.5910929647306399,,
random_forest,4,16.0,1,sqrt,300.0,fold3,123,26381,3513,0.9901056999532827,0.9717223650385605,0.5742705353265568,,
random_forest,4,16.0,1,sqrt,300.0,fold3,456,26381,3513,0.9879325221323155,0.9716738197424892,0.5934585027681618,,
random_forest,4,16.0,1,sqrt,300.0,fold3,789,26381,3513,0.9876714527908645,0.9717707442258341,0.5500831789870753,,
random_forest,4,16.0,1,sqrt,300.0,fold3,2024,26381,3513,0.9893175251760203,0.9717223650385605,0.5620531756621009,,
random_forest,5,16.0,1,log2,200.0,fold1,42,17989,5617,0.8556155624275662,0.814540059347181,0.2949758234969563,,
random_forest,5,16.0,1,log2,200.0,fold1,123,17989,5617,0.855252578182446,0.82,0.34452884243128146,,
random_forest,5,16.0,1,log2,200.0,fold1,456,17989,5617,0.8540968961883467,0.8218125960061444,0.3498899675639987,,
random_forest,5,16.0,1,log2,200.0,fold1,789,17989,5617,0.8556068337022671,0.8144087705559906,0.3749202413899139,,
random_forest,5,16.0,1,log2,200.0,fold1,2024,17989,5617,0.8518784201096488,0.8265227447956823,0.3533795300982801,,
random_forest,5,16.0,1,log2,200.0,fold2,42,23606,2775,0.9891165286609327,0.9563182527301092,0.47283860761358526,,
random_forest,5,16.0,1,log2,200.0,fold2,123,23606,2775,0.9908907548970024,0.9578783151326054,0.4675004865718195,,
random_forest,5,16.0,1,log2,200.0,fold2,456,23606,2775,0.9892717219730172,0.9561815336463224,0.5088197200467494,,
random_forest,5,16.0,1,log2,200.0,fold2,789,23606,2775,0.9870041197767428,0.9565217391304348,0.4333043675693141,,
random_forest,5,16.0,1,log2,200.0,fold2,2024,23606,2775,0.9891190678564562,0.9547581903276131,0.47963537357395575,,
random_forest,5,16.0,1,log2,200.0,fold3,42,26381,3513,0.9877167228280885,0.9701619778346121,0.5300171930873399,,
random_forest,5,16.0,1,log2,200.0,fold3,123,26381,3513,0.9874717457469169,0.9726495726495726,0.5486063723916037,,
random_forest,5,16.0,1,log2,200.0,fold3,456,26381,3513,0.9872826702686591,0.9734816082121471,0.563759152834887,,
random_forest,5,16.0,1,log2,200.0,fold3,789,26381,3513,0.9858523264406525,0.9701619778346121,0.5292307119536811,,
random_forest,5,16.0,1,log2,200.0,fold3,2024,26381,3513,0.9870991241086504,0.9701619778346121,0.522285019759675,,
random_forest,6,16.0,5,sqrt,200.0,fold1,42,17989,5617,0.8595486890375309,0.8152866242038217,0.5020065216421533,,
random_forest,6,16.0,5,sqrt,200.0,fold1,123,17989,5617,0.8597962537978703,0.8183229813664596,0.4579411694460186,,
random_forest,6,16.0,5,sqrt,200.0,fold1,456,17989,5617,0.8561255008897418,0.8123552123552124,0.4738158775760595,,
random_forest,6,16.0,5,sqrt,200.0,fold1,789,17989,5617,0.8560080278761347,0.8144578313253013,0.5191868023465791,,
random_forest,6,16.0,5,sqrt,200.0,fold1,2024,17989,5617,0.8565715930587599,0.8203921568627451,0.48491436963103673,,
random_forest,6,16.0,5,sqrt,200.0,fold2,42,23606,2775,0.9863669062726083,0.955984555984556,0.5059772910327823,,
random_forest,6,16.0,5,sqrt,200.0,fold2,123,23606,2775,0.986900367182062,0.9564541213063764,0.5517623474748619,,
random_forest,6,16.0,5,sqrt,200.0,fold2,456,23606,2775,0.9858216606039886,0.9557109557109557,0.5735175963497042,,
random_forest,6,16.0,5,sqrt,200.0,fold2,789,23606,2775,0.9855787544122994,0.9571984435797666,0.5657015702595694,,
random_forest,6,16.0,5,sqrt,200.0,fold2,2024,23606,2775,0.9881239757244236,0.9578783151326054,0.5828169347582289,,
random_forest,6,16.0,5,sqrt,200.0,fold3,42,26381,3513,0.9887029310682595,0.9718189581554227,0.6165501711925586,,
random_forest,6,16.0,5,sqrt,200.0,fold3,123,26381,3513,0.9875364222425029,0.9734816082121471,0.635932845314695,,
random_forest,6,16.0,5,sqrt,200.0,fold3,456,26381,3513,0.9873287477850347,0.9719626168224299,0.5618569868255207,,
random_forest,6,16.0,5,sqrt,200.0,fold3,789,26381,3513,0.98828934596065,0.9734816082121471,0.6278609401155028,,
random_forest,6,16.0,5,sqrt,200.0,fold3,2024,26381,3513,0.9879155348724699,0.9718189581554227,0.6229571151506889,,
random_forest,7,16.0,5,log2,300.0,fold1,42,17989,5617,0.854322139923991,0.807131280388979,0.5685911233760343,,
random_forest,7,16.0,5,log2,300.0,fold1,123,17989,5617,0.8530347061843693,0.8088597210828548,0.6020741224743353,,
random_forest,7,16.0,5,log2,300.0,fold1,456,17989,5617,0.8476039839925126,0.8091728091728092,0.6034394316619374,,
random_forest,7,16.0,5,log2,300.0,fold1,789,17989,5617,0.8495444469690555,0.8078817733990148,0.6131960531426927,,
random_forest,7,16.0,5,log2,300.0,fold1,2024,17989,5617,0.8529585888644683,0.8066115702479338,0.6382660838884097,,
random_forest,7,16.0,5,log2,300.0,fold2,42,23606,2775,0.9871912090608312,0.9561815336463224,0.6000503718080348,,
random_forest,7,16.0,5,log2,300.0,fold2,123,23606,2775,0.98584210024749,0.956386292834891,0.5684507521696646,,
random_forest,7,16.0,5,log2,300.0,fold2,456,23606,2775,0.9859671031144838,0.9555728760717069,0.588280174451645,,
random_forest,7,16.0,5,log2,300.0,fold2,789,23606,2775,0.9861624309979545,0.9557109557109557,0.5630037797899793,,
random_forest,7,16.0,5,log2,300.0,fold2,2024,23606,2775,0.9870477824680232,0.9559164733178654,0.5166209390988825,,
random_forest,7,16.0,5,log2,300.0,fold3,42,26381,3513,0.9864492940119385,0.9708904109589042,0.6229608749125208,,
random_forest,7,16.0,5,log2,300.0,fold3,123,26381,3513,0.9873175033822551,0.9719148936170213,0.5970215021107282,,
random_forest,7,16.0,5,log2,300.0,fold3,456,26381,3513,0.9867779455347552,0.9701619778346121,0.6132849890631923,,
random_forest,7,16.0,5,log2,300.0,fold3,789,26381,3513,0.9869791221506977,0.9735269000853971,0.6128641968219837,,
random_forest,7,16.0,5,log2,300.0,fold3,2024,26381,3513,0.9864821518912116,0.9712351945854484,0.5776662624182872,,
random_forest,8,24.0,1,sqrt,300.0,fold1,42,17989,5617,0.8576492153120756,0.8360030511060259,0.30666666666666664,,
random_forest,8,24.0,1,sqrt,300.0,fold1,123,17989,5617,0.862524593389991,0.8371005455962588,0.3466666666666667,,
random_forest,8,24.0,1,sqrt,300.0,fold1,456,17989,5617,0.8698098829417599,0.8333333333333334,0.3566666666666667,,
random_forest,8,24.0,1,sqrt,300.0,fold1,789,17989,5617,0.8606699496795687,0.8330757341576507,0.33,,
random_forest,8,24.0,1,sqrt,300.0,fold1,2024,17989,5617,0.8686607804331652,0.838258164852255,0.3333333333333333,,
random_forest,8,24.0,1,sqrt,300.0,fold2,42,23606,2775,0.9908266869298594,0.958139534883721,0.4030097597597597,,
random_forest,8,24.0,1,sqrt,300.0,fold2,123,23606,2775,0.9909673547927225,0.9587548638132296,0.42981173077302987,,
random_forest,8,24.0,1,sqrt,300.0,fold2,456,23606,2775,0.9912959328555263,0.9588828549262994,0.4,,
random_forest,8,24.0,1,sqrt,300.0,fold2,789,23606,2775,0.9911133544460461,0.9579439252336449,0.4394247004052941,,
random_forest,8,24.0,1,sqrt,300.0,fold2,2024,23606,2775,0.9914008742056246,0.9588189588189588,0.41975281814477794,,
random_forest,8,24.0,1,sqrt,300.0,fold3,42,26381,3513,0.9889266128098617,0.9709401709401709,0.5094350994854421,,
random_forest,8,24.0,1,sqrt,300.0,fold3,123,26381,3513,0.9903831225832458,0.9718189581554227,0.49290024577556646,,
random_forest,8,24.0,1,sqrt,300.0,fold3,456,26381,3513,0.9894495530423799,0.9708904109589042,0.5196733290350312,,
random_forest,8,24.0,1,sqrt,300.0,fold3,789,26381,3513,0.9893291435906441,0.9726027397260274,0.5219777210413121,,
random_forest,8,24.0,1,sqrt,300.0,fold3,2024,26381,3513,0.9892513410968797,0.9701619778346121,0.5030469007834372,,
random_forest,9,24.0,1,log2,200.0,fold1,42,17989,5617,0.8581100069360907,0.8294930875576036,0.325,,
random_forest,9,24.0,1,log2,200.0,fold1,123,17989,5617,0.8528489119319469,0.827426810477658,0.33,,
random_forest,9,24.0,1,log2,200.0,fold1,456,17989,5617,0.852096504206129,0.8316679477325134,0.335,,
random_forest,9,24.0,1,log2,200.0,fold1,789,17989,5617,0.855899148113444,0.8334612432847276,0.325,,
random_forest,9,24.0,1,log2,200.0,fold1,2024,17989,5617,0.8559438305172721,0.8283294842186297,0.325,,
random_forest,9,24.0,1,log2,200.0,fold2,42,23606,2775,0.9891632434823984,0.9556420233463035,0.41,,
random_forest,9,24.0,1,log2,200.0,fold2,123,23606,2775,0.9907308884570213,0.9586905689789555,0.4249285714285714,,
random_forest,9,24.0,1,log2,200.0,fold2,456,23606,2775,0.9897245930152336,0.9571984435797666,0.40893350666722655,,
random_forest,9,24.0,1,log2,200.0,fold2,789,23606,2775,0.9888565295991512,0.9548989113530326,0.41454952984911436,,
random_forest,9,24.0,1,log2,200.0,fold2,2024,23606,2775,0.990151523116586,0.9580093312597201,0.40485714285714286,,
random_forest,9,24.0,1,log2,200.0,fold3,42,26381,3513,0.988369464490204,0.9700598802395209,0.5049293286219081,,
random_forest,9,24.0,1,log2,200.0,fold3,123,26381,3513,0.9893676061223039,0.9726962457337884,0.46955349065218216,,
random_forest,9,24.0,1,log2,200.0,fold3,456,26381,3513,0.9891511230253852,0.967741935483871,0.47892893897547184,,
random_forest,9,24.0,1,log2,200.0,fold3,789,26381,3513,0.989179861578348,0.9701110162254484,0.5141009628509629,,
random_forest,9,24.0,1,log2,200.0,fold3,2024,26381,3513,0.9893412896288416,0.9726962457337884,0.4792133758470784,,
random_forest,10,24.0,5,sqrt,200.0,fold1,42,17989,5617,0.8585116353195548,0.8154093097913323,0.5295547081064841,,
random_forest,10,24.0,5,sqrt,200.0,fold1,123,17989,5617,0.8606078454388999,0.8170542635658915,0.45920736966336795,,
random_forest,10,24.0,5,sqrt,200.0,fold1,456,17989,5617,0.8537126160521274,0.8128834355828221,0.4623148888395506,,
random_forest,10,24.0,5,sqrt,200.0,fold1,789,17989,5617,0.8539541049841223,0.8137490007993605,0.5088877291073388,,
random_forest,10,24.0,5,sqrt,200.0,fold1,2024,17989,5617,0.8568705229835817,0.8191823899371069,0.48188075390847346,,
random_forest,10,24.0,5,sqrt,200.0,fold2,42,23606,2775,0.9868466941494123,0.9557109557109557,0.5662553805897181,,
random_forest,10,24.0,5,sqrt,200.0,fold2,123,23606,2775,0.9869504765636304,0.9570647931303669,0.578381921969504,,
random_forest,10,24.0,5,sqrt,200.0,fold2,456,23606,2775,0.9858443811126361,0.955503512880562,0.589173296996311,,
random_forest,10,24.0,5,sqrt,200.0,fold2,789,23606,2775,0.986500432646562,0.9565217391304348,0.5488378283688992,,
random_forest,10,24.0,5,sqrt,200.0,fold2,2024,23606,2775,0.9869886389370958,0.9569976544175137,0.6036381432968906,,
random_forest,10,24.0,5,sqrt,200.0,fold3,42,26381,3513,0.9885945165643004,0.9709401709401709,0.6415819291866812,,
random_forest,10,24.0,5,sqrt,200.0,fold3,123,26381,3513,0.9884823055074948,0.9744463373083475,0.5768293620194898,,
random_forest,10,24.0,5,sqrt,200.0,fold3,456,26381,3513,0.9890219783070885,0.9709401709401709,0.6061572439621261,,
random_forest,10,24.0,5,sqrt,200.0,fold3,789,26381,3513,0.9880255831506437,0.9735269000853971,0.6209257340212365,,
random_forest,10,24.0,5,sqrt,200.0,fold3,2024,26381,3513,0.988323259782588,0.9718670076726342,0.5660213883846288,,
random_forest,11,24.0,5,log2,300.0,fold1,42,17989,5617,0.8532312056370313,0.8065843621399177,0.6107547666302428,,
random_forest,11,24.0,5,log2,300.0,fold1,123,17989,5617,0.8521677370969828,0.8089368258859785,0.45292695925213183,,
random_forest,11,24.0,5,log2,300.0,fold1,456,17989,5617,0.8487001531108721,0.807131280388979,0.5774115678646485,,
random_forest,11,24.0,5,log2,300.0,fold1,789,17989,5617,0.8503824853355751,0.8089528377298162,0.5381976111251944,,
random_forest,11,24.0,5,log2,300.0,fold1,2024,17989,5617,0.8553290647443574,0.807914262159934,0.6334753457724885,,
random_forest,11,24.0,5,log2,300.0,fold2,42,23606,2775,0.9867750488449297,0.9561815336463224,0.5953314242041753,,
random_forest,11,24.0,5,log2,300.0,fold2,123,23606,2775,0.9869711415830773,0.9550387596899225,0.5254434621944178,,
random_forest,11,24.0,5,log2,300.0,fold2,456,23606,2775,0.9860428992179813,0.9569976544175137,0.6022302205925608,,
random_forest,11,24.0,5,log2,300.0,fold2,789,23606,2775,0.9859449960548202,0.9561128526645768,0.6128309886416351,,
random_forest,11,24.0,5,log2,300.0,fold2,2024,23606,2775,0.9861344297263162,0.9571317225253313,0.5777194767317222,,
random_forest,11,24.0,5,log2,300.0,fold3,42,26381,3513,0.9868485198046008,0.9702127659574468,0.5938680424986671,,
random_forest,11,24.0,5,log2,300.0,fold3,123,26381,3513,0.986434503216729,0.9719148936170213,0.5840354370392932,,
random_forest,11,24.0,5,log2,300.0,fold3,456,26381,3513,0.9874258920971642,0.9726495726495726,0.6097283847788101,,
random_forest,11,24.0,5,log2,300.0,fold3,789,26381,3513,0.9869761422476584,0.9736170212765958,0.5706288502562357,,
random_forest,11,24.0,5,log2,300.0,fold3,2024,26381,3513,0.9875951200175154,0.9726962457337884,0.6022580322158434,,
random_forest,12,,1,sqrt,300.0,fold1,42,17989,5617,0.8571305877914178,0.8358445678033307,0.38666666666666666,,
random_forest,12,,1,sqrt,300.0,fold1,123,17989,5617,0.8622211051483429,0.8370313695485846,0.31333333333333335,,
random_forest,12,,1,sqrt,300.0,fold1,456,17989,5617,0.8694705310498232,0.8326787117046347,0.3566666666666667,,
random_forest,12,,1,sqrt,300.0,fold1,789,17989,5617,0.8610863169806078,0.8322981366459627,0.3333333333333333,,
random_forest,12,,1,sqrt,300.0,fold1,2024,17989,5617,0.8683815364812135,0.8373540856031129,0.3333333333333333,,
random_forest,12,,1,sqrt,300.0,fold2,42,23606,2775,0.9909035366253705,0.9561815336463224,0.45666666666666667,,
random_forest,12,,1,sqrt,300.0,fold2,123,23606,2775,0.9907910727983887,0.9580093312597201,0.42,,
random_forest,12,,1,sqrt,300.0,fold2,456,23606,2775,0.9909262917101961,0.9578783151326054,0.4266666666666667,,
random_forest,12,,1,sqrt,300.0,fold2,789,23606,2775,0.9899589349754119,0.9560524286815728,0.35333333333333333,,
random_forest,12,,1,sqrt,300.0,fold2,2024,23606,2775,0.9914712140137834,0.958204334365325,0.38666666666666666,,
random_forest,12,,1,sqrt,300.0,fold3,42,26381,3513,0.9883499511891854,0.9700598802395209,0.5333333333333333,,
random_forest,12,,1,sqrt,300.0,fold3,123,26381,3513,0.989608890375169,0.9718189581554227,0.49666666666666665,,
random_forest,12,,1,sqrt,300.0,fold3,456,26381,3513,0.9893082275031002,0.9709897610921502,0.5033333333333333,,
random_forest,12,,1,sqrt,300.0,fold3,789,26381,3513,0.9892818113266492,0.9726027397260274,0.53,,
random_forest,12,,1,sqrt,300.0,fold3,2024,26381,3513,0.9892640610634824,0.9709897610921502,0.49666666666666665,,
random_forest,13,,1,log2,200.0,fold1,42,17989,5617,0.8572115598096204,0.8296409472880061,0.32,,
random_forest,13,,1,log2,200.0,fold1,123,17989,5617,0.852255753806638,0.8267898383371824,0.33,,
random_forest,13,,1,log2,200.0,fold1,456,17989,5617,0.8518120516856794,0.8292307692307692,0.33,,
random_forest,13,,1,log2,200.0,fold1,789,17989,5617,0.8585704865127085,0.8320493066255779,0.34,,
random_forest,13,,1,log2,200.0,fold1,2024,17989,5617,0.8559977436399164,0.8271604938271605,0.33,,
random_forest,13,,1,log2,200.0,fold2,42,23606,2775,0.9901214251297561,0.9546165884194053,0.465,,
random_forest,13,,1,log2,200.0,fold2,123,23606,2775,0.9904991194960834,0.958204334365325,0.385,,
random_forest,13,,1,log2,200.0,fold2,456,23606,2775,0.9888270846563602,0.9570647931303669,0.445,,
random_forest,13,,1,log2,200.0,fold2,789,23606,2775,0.9895826609878593,0.9561128526645768,0.46,,
random_forest,13,,1,log2,200.0,fold2,2024,23606,2775,0.9901273251188377,0.9579439252336449,0.415,,
random_forest,13,,1,log2,200.0,fold3,42,26381,3513,0.9883786488369698,0.9692307692307692,0.5,,
random_forest,13,,1,log2,200.0,fold3,123,26381,3513,0.9893338218924759,0.9717223650385605,0.515,,
random_forest,13,,1,log2,200.0,fold3,456,26381,3513,0.9886898682376014,0.9685106382978723,0.475,,
random_forest,13,,1,log2,200.0,fold3,789,26381,3513,0.9886128389071419,0.9701619778346121,0.48,,
random_forest,13,,1,log2,200.0,fold3,2024,26381,3513,0.9896335346107353,0.9708904109589042,0.51,,
random_forest,14,,5,sqrt,200.0,fold1,42,17989,5617,0.8585116353195548,0.8154093097913323,0.5295547081064841,,
random_forest,14,,5,sqrt,200.0,fold1,123,17989,5617,0.8606078454388999,0.8170542635658915,0.45920736966336795,,
random_forest,14,,5,sqrt,200.0,fold1,456,17989,5617,0.8537126160521273,0.8128834355828221,0.4623148888395506,,
random_forest,14,,5,sqrt,200.0,fold1,789,17989,5617,0.8539541049841223,0.8137490007993605,0.5088877291073388,,
random_forest,14,,5,sqrt,200.0,fold1,2024,17989,5617,0.8568705229835817,0.8191823899371069,0.4818807539084734,,
random_forest,14,,5,sqrt,200.0,fold2,42,23606,2775,0.9868466941494123,0.9557109557109557,0.5662553805897181,,
random_forest,14,,5,sqrt,200.0,fold2,123,23606,2775,0.9869379135987144,0.9570647931303669,0.578381921969504,,
random_forest,14,,5,sqrt,200.0,fold2,456,23606,2775,0.9857877137263081,0.955503512880562,0.5883086965145984,,
random_forest,14,,5,sqrt,200.0,fold2,789,23606,2775,0.9864999464780572,0.9564541213063764,0.5611167850983836,,
random_forest,14,,5,sqrt,200.0,fold2,2024,23606,2775,0.986980069580052,0.9569976544175137,0.6033351129938602,,
random_forest,14,,5,sqrt,200.0,fold3,42,26381,3513,0.988569958999764,0.9708904109589042,0.6481315368387365,,
random_forest,14,,5,sqrt,200.0,fold3,123,26381,3513,0.9885813604554698,0.9752770673486786,0.5756376953528232,,
random_forest,14,,5,sqrt,200.0,fold3,456,26381,3513,0.9888755283628112,0.9701110162254484,0.6061572439621261,,
random_forest,14,,5,sqrt,200.0,fold3,789,26381,3513,0.9881181723067154,0.9735269000853971,0.6218977635572582,,
random_forest,14,,5,sqrt,200.0,fold3,2024,26381,3513,0.9883412001566163,0.9718670076726342,0.5660213883846288,,
random_forest,15,,5,log2,300.0,fold1,42,17989,5617,0.8532312056370313,0.8065843621399177,0.6107547666302428,,
random_forest,15,,5,log2,300.0,fold1,123,17989,5617,0.8521677370969828,0.8089368258859785,0.45292695925213183,,
random_forest,15,,5,log2,300.0,fold1,456,17989,5617,0.8487001531108721,0.807131280388979,0.5774115678646485,,
random_forest,15,,5,log2,300.0,fold1,789,17989,5617,0.8503824853355751,0.8089528377298162,0.5381976111251944,,
random_forest,15,,5,log2,300.0,fold1,2024,17989,5617,0.8553290647443574,0.807914262159934,0.6334753457724885,,
random_forest,15,,5,log2,300.0,fold2,42,23606,2775,0.9868906990992364,0.9561815336463224,0.5944535058768724,,
random_forest,15,,5,log2,300.0,fold2,123,23606,2775,0.9869957137667271,0.9557796741660202,0.5248384637977528,,
random_forest,15,,5,log2,300.0,fold2,456,23606,2775,0.9858332336951434,0.9569976544175137,0.6029497338370038,,
random_forest,15,,5,log2,300.0,fold2,789,23606,2775,0.9859705251667364,0.9561128526645768,0.6156216048881337,,
random_forest,15,,5,log2,300.0,fold2,2024,23606,2775,0.9860913478962481,0.9571317225253313,0.5822944499900554,,
random_forest,15,,5,log2,300.0,fold3,42,26381,3513,0.9867520966565153,0.9693877551020408,0.5919622301737371,,
random_forest,15,,5,log2,300.0,fold3,123,26381,3513,0.9865642232640751,0.9727427597955707,0.5836982222392406,,
random_forest,15,,5,log2,300.0,fold3,456,26381,3513,0.9873523109194048,0.9726495726495726,0.6142852204162911,,
random_forest,15,,5,log2,300.0,fold3,789,26381,3513,0.9869147050593211,0.9736170212765958,0.570978056605442,,
random_forest,15,,5,log2,300.0,fold3,2024,26381,3513,0.9878034935080235,0.9726962457337884,0.5986439390456862,,
hist_gradient_boosting,0,,20,,,fold1,42,17989,5617,0.8809773172759664,0.8393135725429017,0.44646367650595786,0.05,100.0
hist_gradient_boosting,0,,20,,,fold1,123,17989,5617,0.862245485959118,0.8281868566904196,0.5145891670244575,0.05,100.0
hist_gradient_boosting,0,,20,,,fold1,456,17989,5617,0.8613741839877506,0.8357305071915215,0.29730465956286645,0.05,100.0
hist_gradient_boosting,0,,20,,,fold1,789,17989,5617,0.8656572370444413,0.8379013312451057,0.5053813533076965,0.05,100.0
hist_gradient_boosting,0,,20,,,fold1,2024,17989,5617,0.8629715153363393,0.8370313695485846,0.34510009730986857,0.05,100.0
hist_gradient_boosting,0,,20,,,fold2,42,23606,2775,0.984780762904588,0.9567901234567902,0.6806935235490496,0.05,100.0
hist_gradient_boosting,0,,20,,,fold2,123,23606,2775,0.9840190485915035,0.9583975346687211,0.6325120925893843,0.05,100.0
hist_gradient_boosting,0,,20,,,fold2,456,23606,2775,0.9881022436554284,0.9576399394856279,0.45514374776498906,0.05,100.0
hist_gradient_boosting,0,,20,,,fold2,789,23606,2775,0.9856873771888145,0.955064737242955,0.491062368241306,0.05,100.0
hist_gradient_boosting,0,,20,,,fold2,2024,23606,2775,0.9828249566994149,0.9528228924980665,0.6538719952591047,0.05,100.0
hist_gradient_boosting,0,,20,,,fold3,42,26381,3513,0.9907426383291597,0.9665809768637532,0.7735595672532543,0.05,100.0
hist_gradient_boosting,0,,20,,,fold3,123,26381,3513,0.9905272126808108,0.9639175257731959,0.7789133421047953,0.05,100.0
hist_gradient_boosting,0,,20,,,fold3,456,26381,3513,0.9901195452039088,0.9639794168096055,0.7725065240466192,0.05,100.0
hist_gradient_boosting,0,,20,,,fold3,789,26381,3513,0.9833930593130191,0.9539249146757679,0.6850002615217162,0.05,100.0
hist_gradient_boosting,0,,20,,,fold3,2024,26381,3513,0.981570068878368,0.9568162574089755,0.6220434086937887,0.05,100.0
hist_gradient_boosting,1,,50,,,fold1,42,17989,5617,0.8815600272419326,0.8383604021655066,0.37110516951178074,0.05,200.0
hist_gradient_boosting,1,,50,,,fold1,123,17989,5617,0.8632107706813896,0.8268933539412674,0.4161558861506889,0.05,200.0
hist_gradient_boosting,1,,50,,,fold1,456,17989,5617,0.8756204669801697,0.841000807102502,0.6571736085703761,0.05,200.0
hist_gradient_boosting,1,,50,,,fold1,789,17989,5617,0.8700108494102581,0.8357976653696498,0.476249325426634,0.05,200.0
hist_gradient_boosting,1,,50,,,fold1,2024,17989,5617,0.8554414183938973,0.8266666666666667,0.6053146054027726,0.05,200.0
hist_gradient_boosting,1,,50,,,fold2,42,23606,2775,0.987968070348301,0.9649390243902439,0.5426558235376052,0.05,200.0
hist_gradient_boosting,1,,50,,,fold2,123,23606,2775,0.9873959416071347,0.9590909090909091,0.47228714062142374,0.05,200.0
hist_gradient_boosting,1,,50,,,fold2,456,23606,2775,0.9879023408702259,0.9601837672281777,0.5364044300416896,0.05,200.0
hist_gradient_boosting,1,,50,,,fold2,789,23606,2775,0.9875208494484746,0.9586523736600306,0.5241674851964814,0.05,200.0
hist_gradient_boosting,1,,50,,,fold2,2024,23606,2775,0.9855569790759373,0.9559939301972686,0.45016466837839175,0.05,200.0
hist_gradient_boosting,1,,50,,,fold3,42,26381,3513,0.9923500575927064,0.9676320272572402,0.727017684559065,0.05,200.0
hist_gradient_boosting,1,,50,,,fold3,123,26381,3513,0.9906951770963123,0.9659863945578231,0.6597721712671237,0.05,200.0
hist_gradient_boosting,1,,50,,,fold3,456,26381,3513,0.9898778003500878,0.9588336192109777,0.784582083781915,0.05,200.0
hist_gradient_boosting,1,,50,,,fold3,789,26381,3513,0.9898778106192123,0.9637305699481865,0.7856289485413505,0.05,200.0
hist_gradient_boosting,1,,50,,,fold3,2024,26381,3513,0.990041263675634,0.9647463456577816,0.7737090797818069,0.05,200.0
hist_gradient_boosting,2,,50,,,fold1,42,17989,5617,0.8852459252896665,0.8405341712490181,0.4747813419946408,0.1,100.0
hist_gradient_boosting,2,,50,,,fold1,123,17989,5617,0.8638734721345607,0.8273092369477911,0.6663666757126582,0.1,100.0
hist_gradient_boosting,2,,50,,,fold1,456,17989,5617,0.8758312034956092,0.8399034593724859,0.629040504537168,0.1,100.0
hist_gradient_boosting,2,,50,,,fold1,789,17989,5617,0.8753316134947247,0.8427773343974462,0.6315404582802466,0.1,100.0
hist_gradient_boosting,2,,50,,,fold1,2024,17989,5617,0.8616579217915158,0.8302180685358256,0.4893934228810527,0.1,100.0
hist_gradient_boosting,2,,50,,,fold2,42,23606,2775,0.9878825497215187,0.9621212121212122,0.44611122810541415,0.1,100.0
hist_gradient_boosting,2,,50,,,fold2,123,23606,2775,0.9880320690502749,0.9609793420045907,0.5205867020186111,0.1,100.0
hist_gradient_boosting,2,,50,,,fold2,456,23606,2775,0.9900584143553373,0.9657273419649657,0.4996585519428371,0.1,100.0
hist_gradient_boosting,2,,50,,,fold2,789,23606,2775,0.9881958419233525,0.9575757575757575,0.3843130663261848,0.1,100.0
hist_gradient_boosting,2,,50,,,fold2,2024,23606,2775,0.985649875555313,0.9579188982402448,0.525690334243882,0.1,100.0
hist_gradient_boosting,2,,50,,,fold3,42,26381,3513,0.9927549306711267,0.9680759275237274,0.8176197274135263,0.1,100.0
hist_gradient_boosting,2,,50,,,fold3,123,26381,3513,0.9921262712964786,0.9654576856649395,0.8358536773341388,0.1,100.0
hist_gradient_boosting,2,,50,,,fold3,456,26381,3513,0.9896089290366762,0.9615055603079555,0.7185942605924488,0.1,100.0
hist_gradient_boosting,2,,50,,,fold3,789,26381,3513,0.9901671573384159,0.9621993127147767,0.7547899540371522,0.1,100.0
hist_gradient_boosting,2,,50,,,fold3,2024,26381,3513,0.9904750375742388,0.9642248722316865,0.7225570651779151,0.1,100.0
hist_gradient_boosting,3,,20,,,fold1,42,17989,5617,0.8781936938736621,0.8383604021655066,0.25931035076353887,0.1,200.0
hist_gradient_boosting,3,,20,,,fold1,123,17989,5617,0.8568088946810526,0.8266666666666667,0.4458340163620844,0.1,200.0
hist_gradient_boosting,3,,20,,,fold1,456,17989,5617,0.8610615384124792,0.8351309707241911,0.32099900798799247,0.1,200.0
hist_gradient_boosting,3,,20,,,fold1,789,17989,5617,0.8678621560693279,0.8415466262319939,0.25794687117281495,0.1,200.0
hist_gradient_boosting,3,,20,,,fold1,2024,17989,5617,0.8600832404837851,0.8428246013667426,0.31019778333832576,0.1,200.0
hist_gradient_boosting,3,,20,,,fold2,42,23606,2775,0.9875561629430805,0.9604344453064391,0.7166508699468934,0.1,200.0
hist_gradient_boosting,3,,20,,,fold2,123,23606,2775,0.9895275717681821,0.9645061728395061,0.5495852146268702,0.1,200.0
hist_gradient_boosting,3,,20,,,fold2,456,23606,2775,0.9870843066617165,0.9600614439324117,0.589674948915772,0.1,200.0
hist_gradient_boosting,3,,20,,,fold2,789,23606,2775,0.9896346850238871,0.9622205088666153,0.6530368958828553,0.1,200.0
hist_gradient_boosting,3,,20,,,fold2,2024,23606,2775,0.9830934802758626,0.9569230769230769,0.581444723119352,0.1,200.0
hist_gradient_boosting,3,,20,,,fold3,42,26381,3513,0.9924988294442285,0.967409948542024,0.7456383990040214,0.1,200.0
hist_gradient_boosting,3,,20,,,fold3,123,26381,3513,0.9921337087345885,0.9693877551020408,0.5981427353758473,0.1,200.0
hist_gradient_boosting,3,,20,,,fold3,456,26381,3513,0.9901415529150823,0.9648068669527897,0.7949588165591892,0.1,200.0
hist_gradient_boosting,3,,20,,,fold3,789,26381,3513,0.9884753530981238,0.9586919104991394,0.6875329129428468,0.1,200.0
hist_gradient_boosting,3,,20,,,fold3,2024,26381,3513,0.986704207126391,0.9617021276595744,0.7220270925656261,0.1,200.0
hist_gradient_boosting,4,,20,,,fold1,42,17989,5617,0.8773795520633414,0.8338509316770186,0.356942217565953,0.2,100.0
hist_gradient_boosting,4,,20,,,fold1,123,17989,5617,0.8545609995190822,0.8311897106109325,0.5900175287996609,0.2,100.0
hist_gradient_boosting,4,,20,,,fold1,456,17989,5617,0.8698024178355765,0.8417047184170472,0.1855605404470667,0.2,100.0
hist_gradient_boosting,4,,20,,,fold1,789,17989,5617,0.8659218708143832,0.8415384615384616,0.27025216519157913,0.2,100.0
hist_gradient_boosting,4,,20,,,fold1,2024,17989,5617,0.8634961358079827,0.8409785932721713,0.2839827350572551,0.2,100.0
hist_gradient_boosting,4,,20,,,fold2,42,23606,2775,0.9864992009813193,0.961038961038961,0.48991082457858176,0.2,100.0
hist_gradient_boosting,4,,20,,,fold2,123,23606,2775,0.9897347500957353,0.9612403100775194,0.6259063836415034,0.2,100.0
hist_gradient_boosting,4,,20,,,fold2,456,23606,2775,0.9870794801016185,0.9643962848297214,0.620332940425065,0.2,100.0
hist_gradient_boosting,4,,20,,,fold2,789,23606,2775,0.9865561580956356,0.96,0.6601468833426463,0.2,100.0
hist_gradient_boosting,4,,20,,,fold2,2024,23606,2775,0.9878317297316889,0.9591364687740941,0.6231018785177963,0.2,100.0
hist_gradient_boosting,4,,20,,,fold3,42,26381,3513,0.993995728704749,0.9752770673486786,0.7424582471524559,0.2,100.0
hist_gradient_boosting,4,,20,,,fold3,123,26381,3513,0.9910406299411136,0.9716738197424892,0.7799660423438498,0.2,100.0
hist_gradient_boosting,4,,20,,,fold3,456,26381,3513,0.9909453283144498,0.9666381522668948,0.6563929684950494,0.2,100.0
hist_gradient_boosting,4,,20,,,fold3,789,26381,3513,0.9898459342293446,0.9642248722316865,0.6714582945936352,0.2,100.0
hist_gradient_boosting,4,,20,,,fold3,2024,26381,3513,0.9881943349195232,0.9620689655172414,0.7651697998219718,0.2,100.0
hist_gradient_boosting,5,,50,,,fold1,42,17989,5617,0.882541920159126,0.8397435897435898,0.6033468090129784,0.2,200.0
hist_gradient_boosting,5,,50,,,fold1,123,17989,5617,0.8672395650733419,0.8244638602065131,0.5214391899928931,0.2,200.0
hist_gradient_boosting,5,,50,,,fold1,456,17989,5617,0.8686902214936066,0.8403225806451613,0.6710353346536652,0.2,200.0
hist_gradient_boosting,5,,50,,,fold1,789,17989,5617,0.8756159159370083,0.8386075949367089,0.48769221011557984,0.2,200.0
hist_gradient_boosting,5,,50,,,fold1,2024,17989,5617,0.8677192210552797,0.8351309707241911,0.3376695855738925,0.2,200.0
hist_gradient_boosting,5,,50,,,fold2,42,23606,2775,0.9868600701907446,0.961038961038961,0.5061261387583007,0.2,200.0
hist_gradient_boosting,5,,50,,,fold2,123,23606,2775,0.9875878961717118,0.9557926829268293,0.43812447589684833,0.2,200.0
hist_gradient_boosting,5,,50,,,fold2,456,23606,2775,0.9898400973338822,0.9588828549262994,0.6650680123884382,0.2,200.0
hist_gradient_boosting,5,,50,,,fold2,789,23606,2775,0.9872738403781872,0.9571984435797666,0.7512322679877692,0.2,200.0
hist_gradient_boosting,5,,50,,,fold2,2024,23606,2775,0.9867639054128735,0.956989247311828,0.5579851868100322,0.2,200.0
hist_gradient_boosting,5,,50,,,fold3,42,26381,3513,0.9932037767089401,0.968403074295474,0.7284223642005174,0.2,200.0
hist_gradient_boosting,5,,50,,,fold3,123,26381,3513,0.9901554389333972,0.9651063829787234,0.6949547619131271,0.2,200.0
hist_gradient_boosting,5,,50,,,fold3,456,26381,3513,0.9899555567464239,0.9631533847472151,0.729735188775183,0.2,200.0
hist_gradient_boosting,5,,50,,,fold3,789,26381,3513,0.9909172475591129,0.9719626168224299,0.6714919871877261,0.2,200.0
hist_gradient_boosting,5,,50,,,fold3,2024,26381,3513,0.9851042421070382,0.9568965517241379,0.7772897847427487,0.2,200.0
hist_gradient_boosting,6,6.0,20,,,fold1,42,17989,5617,0.8683974263288495,0.8199233716475096,0.4884407955603981,0.05,100.0
hist_gradient_boosting,6,6.0,20,,,fold1,123,17989,5617,0.860055967081201,0.8248847926267281,0.5383312145898361,0.05,100.0
hist_gradient_boosting,6,6.0,20,,,fold1,456,17989,5617,0.8659859838249365,0.8302469135802469,0.5050234891929658,0.05,100.0
hist_gradient_boosting,6,6.0,20,,,fold1,789,17989,5617,0.8659311724809607,0.8369477911646587,0.7174868573058617,0.05,100.0
hist_gradient_boosting,6,6.0,20,,,fold1,2024,17989,5617,0.8493474195256268,0.8192,0.6885011041226448,0.05,100.0
hist_gradient_boosting,6,6.0,20,,,fold2,42,23606,2775,0.9805218025132991,0.9435736677115988,0.7545069173371537,0.05,100.0
hist_gradient_boosting,6,6.0,20,,,fold2,123,23606,2775,0.9789122322560286,0.9417398244213887,0.8260651612759087,0.05,100.0
hist_gradient_boosting,6,6.0,20,,,fold2,456,23606,2775,0.9807202258563844,0.948971820258949,0.6136005140825657,0.05,100.0
hist_gradient_boosting,6,6.0,20,,,fold2,789,23606,2775,0.9815873848658626,0.9494470774091627,0.8308677633648393,0.05,100.0
hist_gradient_boosting,6,6.0,20,,,fold2,2024,23606,2775,0.9805634988021392,0.9504643962848297,0.7010962910742398,0.05,100.0
hist_gradient_boosting,6,6.0,20,,,fold3,42,26381,3513,0.9872874319066239,0.9565957446808511,0.6983908439833185,0.05,100.0
hist_gradient_boosting,6,6.0,20,,,fold3,123,26381,3513,0.9570166732942884,0.9013417521704814,0.475116485006897,0.05,100.0
hist_gradient_boosting,6,6.0,20,,,fold3,456,26381,3513,0.9420725326756498,0.8603435399551904,0.33927127436677984,0.05,100.0
hist_gradient_boosting,6,6.0,20,,,fold3,789,26381,3513,0.9683662609616236,0.9224422442244224,0.5525431628131909,0.05,100.0
hist_gradient_boosting,6,6.0,20,,,fold3,2024,26381,3513,0.9287592969843197,0.8320839580209896,0.326306195310154,0.05,100.0
hist_gradient_boosting,7,6.0,50,,,fold1,42,17989,5617,0.8807744903281784,0.8347826086956521,0.5868603269079509,0.05,200.0
hist_gradient_boosting,7,6.0,50,,,fold1,123,17989,5617,0.8623993543738447,0.8201892744479495,0.6439866614831522,0.05,200.0
hist_gradient_boosting,7,6.0,50,,,fold1,456,17989,5617,0.8623935156400208,0.834658187599364,0.6045698266924516,0.05,200.0
hist_gradient_boosting,7,6.0,50,,,fold1,789,17989,5617,0.8788779862231312,0.83125,0.6270022225935258,0.05,200.0
hist_gradient_boosting,7,6.0,50,,,fold1,2024,17989,5617,0.8578465013069515,0.8253968253968254,0.6996796285929341,0.05,200.0
hist_gradient_boosting,7,6.0,50,,,fold2,42,23606,2775,0.9892971975071317,0.9550387596899225,0.6568771536478655,0.05,200.0
hist_gradient_boosting,7,6.0,50,,,fold2,123,23606,2775,0.9882024089614271,0.9563886763580719,0.5153756138420426,0.05,200.0
hist_gradient_boosting,7,6.0,50,,,fold2,456,23606,2775,0.9876512795006696,0.9575944487278335,0.6790721407286913,0.05,200.0
hist_gradient_boosting,7,6.0,50,,,fold2,789,23606,2775,0.9855794719452518,0.951048951048951,0.7038594730311613,0.05,200.0
hist_gradient_boosting,7,6.0,50,,,fold2,2024,23606,2775,0.9855305315147137,0.9534883720930233,0.7231461598661237,0.05,200.0
hist_gradient_boosting,7,6.0,50,,,fold3,42,26381,3513,0.9899440955705113,0.9574829931972789,0.7266333328694768,0.05,200.0
hist_gradient_boosting,7,6.0,50,,,fold3,123,26381,3513,0.975209870009809,0.9386401326699834,0.4944530094917401,0.05,200.0
hist_gradient_boosting,7,6.0,50,,,fold3,456,26381,3513,0.9672324200309963,0.9096722621902478,0.4021426760292813,0.05,200.0
hist_gradient_boosting,7,6.0,50,,,fold3,789,26381,3513,0.9733709000584378,0.9289795918367347,0.39846430408582517,0.05,200.0
hist_gradient_boosting,7,6.0,50,,,fold3,2024,26381,3513,0.9213961673695221,0.8163265306122449,0.7722175119329383,0.05,200.0
hist_gradient_boosting,8,6.0,50,,,fold1,42,17989,5617,0.877145731186006,0.8258064516129032,0.633703246424013,0.1,100.0
hist_gradient_boosting,8,6.0,50,,,fold1,123,17989,5617,0.8556551186068363,0.816260162601626,0.7641838612903638,0.1,100.0
hist_gradient_boosting,8,6.0,50,,,fold1,456,17989,5617,0.8659998251183099,0.8339952343129468,0.6168190447918691,0.1,100.0
hist_gradient_boosting,8,6.0,50,,,fold1,789,17989,5617,0.8775815117072444,0.8409448818897638,0.6188867232257425,0.1,100.0
hist_gradient_boosting,8,6.0,50,,,fold1,2024,17989,5617,0.8584709239066121,0.8243785084202085,0.731306869207819,0.1,100.0
hist_gradient_boosting,8,6.0,50,,,fold2,42,23606,2775,0.9876089697076366,0.950510604870385,0.7645509944502387,0.1,100.0
hist_gradient_boosting,8,6.0,50,,,fold2,123,23606,2775,0.9884674371165093,0.9483717235901509,0.8654671722322078,0.1,100.0
hist_gradient_boosting,8,6.0,50,,,fold2,456,23606,2775,0.9889372565330978,0.955984555984556,0.6837430035655677,0.1,100.0
hist_gradient_boosting,8,6.0,50,,,fold2,789,23606,2775,0.9858089553417811,0.9489395129615082,0.7885930806351334,0.1,100.0
hist_gradient_boosting,8,6.0,50,,,fold2,2024,23606,2775,0.987036680377854,0.9559164733178654,0.7211194521303802,0.1,100.0
hist_gradient_boosting,8,6.0,50,,,fold3,42,26381,3513,0.9886141504715343,0.954468802698145,0.6453564055194257,0.1,100.0
hist_gradient_boosting,8,6.0,50,,,fold3,123,26381,3513,0.9858781159027941,0.9557226399331662,0.5110432610967749,0.1,100.0
hist_gradient_boosting,8,6.0,50,,,fold3,456,26381,3513,0.9519455075815831,0.8703849175176748,0.2733483541013976,0.1,100.0
hist_gradient_boosting,8,6.0,50,,,fold3,789,26381,3513,0.9740927540596463,0.9379084967320261,0.43597382412413305,0.1,100.0
hist_gradient_boosting,8,6.0,50,,,fold3,2024,26381,3513,0.9502923062910229,0.856492027334852,0.2232575402744805,0.1,100.0
hist_gradient_boosting,9,6.0,20,,,fold1,42,17989,5617,0.8731942196871546,0.8293802601377199,0.4194537164625425,0.1,200.0
hist_gradient_boosting,9,6.0,20,,,fold1,123,17989,5617,0.8539883188404628,0.8207547169811321,0.6042226869265431,0.1,200.0
hist_gradient_boosting,9,6.0,20,,,fold1,456,17989,5617,0.8729119420419936,0.8337236533957846,0.4803369129124921,0.1,200.0
hist_gradient_boosting,9,6.0,20,,,fold1,789,17989,5617,0.8682828516708058,0.8379013312451057,0.5854091813360971,0.1,200.0
hist_gradient_boosting,9,6.0,20,,,fold1,2024,17989,5617,0.855396862130499,0.8203497615262321,0.6434619623425166,0.1,200.0
hist_gradient_boosting,9,6.0,20,,,fold2,42,23606,2775,0.985566665629463,0.9575289575289575,0.6621016369251775,0.1,200.0
hist_gradient_boosting,9,6.0,20,,,fold2,123,23606,2775,0.9903568422499046,0.9588828549262994,0.6434759131311215,0.1,200.0
hist_gradient_boosting,9,6.0,20,,,fold2,456,23606,2775,0.98473513369081,0.9586523736600306,0.5977723505965938,0.1,200.0
hist_gradient_boosting,9,6.0,20,,,fold2,789,23606,2775,0.984689647111821,0.9512006196746708,0.6463108860388123,0.1,200.0
hist_gradient_boosting,9,6.0,20,,,fold2,2024,23606,2775,0.9838996506453495,0.9523809523809523,0.6802697721798509,0.1,200.0
hist_gradient_boosting,9,6.0,20,,,fold3,42,26381,3513,0.9914497036874057,0.9632164242942686,0.7827592776724884,0.1,200.0
hist_gradient_boosting,9,6.0,20,,,fold3,123,26381,3513,0.9884349456113488,0.9635901778154107,0.49483594282069066,0.1,200.0
hist_gradient_boosting,9,6.0,20,,,fold3,456,26381,3513,0.9244320903964959,0.8126858275520317,0.8584022899323056,0.1,200.0
hist_gradient_boosting,9,6.0,20,,,fold3,789,26381,3513,0.96995151984075,0.9179784589892295,0.39343367355857073,0.1,200.0
hist_gradient_boosting,9,6.0,20,,,fold3,2024,26381,3513,0.9199189343189996,0.8151750972762646,0.7643302384255228,0.1,200.0
hist_gradient_boosting,10,6.0,20,,,fold1,42,17989,5617,0.8739317446944457,0.8329411764705882,0.4741035525029167,0.2,200.0
hist_gradient_boosting,10,6.0,20,,,fold1,123,17989,5617,0.8531050242387562,0.8202247191011236,0.7251568724348116,0.2,200.0
hist_gradient_boosting,10,6.0,20,,,fold1,456,17989,5617,0.8610303890438095,0.8365079365079365,0.6173762825085596,0.2,200.0
hist_gradient_boosting,10,6.0,20,,,fold1,789,17989,5617,0.8802299168048794,0.8449848024316109,0.27729485151027766,0.2,200.0
hist_gradient_boosting,10,6.0,20,,,fold1,2024,17989,5617,0.8609798093568474,0.8244514106583072,0.520656338029979,0.2,200.0
hist_gradient_boosting,10,6.0,20,,,fold2,42,23606,2775,0.9857081808917239,0.954858454475899,0.5304835569043136,0.2,200.0
hist_gradient_boosting,10,6.0,20,,,fold2,123,23606,2775,0.983576820048487,0.9573973663826492,0.5591827432159305,0.2,200.0
hist_gradient_boosting,10,6.0,20,,,fold2,456,23606,2775,0.9877442075896637,0.9611801242236024,0.6298586528364221,0.2,200.0
hist_gradient_boosting,10,6.0,20,,,fold2,789,23606,2775,0.9890448522310797,0.9598145285935085,0.6113336921039918,0.2,200.0
hist_gradient_boosting,10,6.0,20,,,fold2,2024,23606,2775,0.9844804567652574,0.9606784888203547,0.6947326872605019,0.2,200.0
hist_gradient_boosting,10,6.0,20,,,fold3,42,26381,3513,0.9869648145962928,0.9623931623931624,0.694558716086252,0.2,200.0
hist_gradient_boosting,10,6.0,20,,,fold3,123,26381,3513,0.9812233610256087,0.9427609427609428,0.5150766809496918,0.2,200.0
hist_gradient_boosting,10,6.0,20,,,fold3,456,26381,3513,0.9611378781808521,0.889248181083266,0.3341726595976668,0.2,200.0
hist_gradient_boosting,10,6.0,20,,,fold3,789,26381,3513,0.959534987658873,0.9000799360511591,0.2596723615441716,0.2,200.0
hist_gradient_boosting,10,6.0,20,,,fold3,2024,26381,3513,0.9772396447144279,0.9354568315171836,0.45815415498528794,0.2,200.0
hist_gradient_boosting,11,10.0,50,,,fold1,42,17989,5617,0.8715656349713019,0.8298039215686275,0.5565352224657031,0.05,100.0
hist_gradient_boosting,11,10.0,50,,,fold1,123,17989,5617,0.8642135568297681,0.8269976726144298,0.49641971795791695,0.05,100.0
hist_gradient_boosting,11,10.0,50,,,fold1,456,17989,5617,0.8731720468438517,0.84,0.6281435377185337,0.05,100.0
hist_gradient_boosting,11,10.0,50,,,fold1,789,17989,5617,0.8655021007195194,0.834755624515128,0.4781101917713249,0.05,100.0
hist_gradient_boosting,11,10.0,50,,,fold1,2024,17989,5617,0.8663183141040085,0.8277474668745128,0.5560524817337583,0.05,100.0
hist_gradient_boosting,11,10.0,50,,,fold2,42,23606,2775,0.9848385496752011,0.9509954058192955,0.5555043794491743,0.05,100.0
hist_gradient_boosting,11,10.0,50,,,fold2,123,23606,2775,0.9820501626937982,0.9570552147239264,0.5669843050764798,0.05,100.0
hist_gradient_boosting,11,10.0,50,,,fold2,456,23606,2775,0.9892998478101457,0.9588414634146342,0.50053372121098,0.05,100.0
hist_gradient_boosting,11,10.0,50,,,fold2,789,23606,2775,0.984391276799238,0.9488591660110149,0.7740099044643997,0.05,100.0
hist_gradient_boosting,11,10.0,50,,,fold2,2024,23606,2775,0.9834947663214292,0.9558481797056545,0.6597392082293333,0.05,100.0
hist_gradient_boosting,11,10.0,50,,,fold3,42,26381,3513,0.9893129890948826,0.962457337883959,0.734896395170287,0.05,100.0
hist_gradient_boosting,11,10.0,50,,,fold3,123,26381,3513,0.9887847668819637,0.9637305699481865,0.8290286135481904,0.05,100.0
hist_gradient_boosting,11,10.0,50,,,fold3,456,26381,3513,0.9868591494700996,0.958904109589041,0.7108160955484859,0.05,100.0
hist_gradient_boosting,11,10.0,50,,,fold3,789,26381,3513,0.9865370303934187,0.9575757575757575,0.8315046983763144,0.05,100.0
hist_gradient_boosting,11,10.0,50,,,fold3,2024,26381,3513,0.9850384699031224,0.9575551782682513,0.7024590449805613,0.05,100.0
hist_gradient_boosting,12,10.0,20,,,fold1,42,17989,5617,0.876712743775238,0.8412083656080558,0.39593438415442395,0.05,200.0
hist_gradient_boosting,12,10.0,20,,,fold1,123,17989,5617,0.8657186460743768,0.8251533742331288,0.3746174898017373,0.05,200.0
hist_gradient_boosting,12,10.0,20,,,fold1,456,17989,5617,0.859847185534756,0.8356807511737089,0.4388928660739947,0.05,200.0
hist_gradient_boosting,12,10.0,20,,,fold1,789,17989,5617,0.8678624970133004,0.8385650224215246,0.31538145479369356,0.05,200.0
hist_gradient_boosting,12,10.0,20,,,fold1,2024,17989,5617,0.8613154101868759,0.8299319727891157,0.304639178513846,0.05,200.0
hist_gradient_boosting,12,10.0,20,,,fold2,42,23606,2775,0.9871859750493707,0.9607993850883936,0.6034889386322164,0.05,200.0
hist_gradient_boosting,12,10.0,20,,,fold2,123,23606,2775,0.9865182797710272,0.962278675904542,0.6228131226555129,0.05,200.0
hist_gradient_boosting,12,10.0,20,,,fold2,456,23606,2775,0.9909800502212576,0.9620637329286799,0.46599450339852144,0.05,200.0
hist_gradient_boosting,12,10.0,20,,,fold2,789,23606,2775,0.9884828892508136,0.9568508705526116,0.4122164558270542,0.05,200.0
hist_gradient_boosting,12,10.0,20,,,fold2,2024,23606,2775,0.9827756100813759,0.9614791987673343,0.6435839263363402,0.05,200.0
hist_gradient_boosting,12,10.0,20,,,fold3,42,26381,3513,0.9917202491669811,0.9641638225255973,0.7609052989215414,0.05,200.0
hist_gradient_boosting,12,10.0,20,,,fold3,123,26381,3513,0.9928671907752499,0.9692307692307692,0.6975987787290397,0.05,200.0
hist_gradient_boosting,12,10.0,20,,,fold3,456,26381,3513,0.9899600663123822,0.9621342512908778,0.784784642260883,0.05,200.0
hist_gradient_boosting,12,10.0,20,,,fold3,789,26381,3513,0.989059452615897,0.964406779661017,0.5824630017821198,0.05,200.0
hist_gradient_boosting,12,10.0,20,,,fold3,2024,26381,3513,0.9823031575664725,0.956081081081081,0.577418102104461,0.05,200.0
hist_gradient_boosting,13,10.0,20,,,fold1,42,17989,5617,0.875799557968805,0.8364485981308412,0.39590158250323587,0.1,100.0
hist_gradient_boosting,13,10.0,20,,,fold1,123,17989,5617,0.8580385331501297,0.824,0.5437326981151366,0.1,100.0
hist_gradient_boosting,13,10.0,20,,,fold1,456,17989,5617,0.8623922675692621,0.840625,0.38678540283154283,0.1,100.0
hist_gradient_boosting,13,10.0,20,,,fold1,789,17989,5617,0.8714933612561655,0.8411949685534591,0.46635567671520384,0.1,100.0
hist_gradient_boosting,13,10.0,20,,,fold1,2024,17989,5617,0.8593352368625579,0.8319263238679969,0.30662867955519796,0.1,100.0
hist_gradient_boosting,13,10.0,20,,,fold2,42,23606,2775,0.9880621885115402,0.9632465543644717,0.6445498998878249,0.1,100.0
hist_gradient_boosting,13,10.0,20,,,fold2,123,23606,2775,0.988705306121764,0.9631336405529954,0.5673603248389478,0.1,100.0
hist_gradient_boosting,13,10.0,20,,,fold2,456,23606,2775,0.9896471942680416,0.9606177606177606,0.6340305350989605,0.1,100.0
hist_gradient_boosting,13,10.0,20,,,fold2,789,23606,2775,0.9899506497148503,0.9586523736600306,0.5396011539843318,0.1,100.0
hist_gradient_boosting,13,10.0,20,,,fold2,2024,23606,2775,0.9836708001056576,0.9608595548733692,0.6102457430507967,0.1,100.0
hist_gradient_boosting,13,10.0,20,,,fold3,42,26381,3513,0.9918220463274112,0.9642248722316865,0.6857811551324152,0.1,100.0
hist_gradient_boosting,13,10.0,20,,,fold3,123,26381,3513,0.9914136057347084,0.9691780821917808,0.7206337767372941,0.1,100.0
hist_gradient_boosting,13,10.0,20,,,fold3,456,26381,3513,0.9915009981669497,0.9663503019844694,0.8149550807537654,0.1,100.0
hist_gradient_boosting,13,10.0,20,,,fold3,789,26381,3513,0.9882659970848565,0.9608843537414966,0.6472778525298053,0.1,100.0
hist_gradient_boosting,13,10.0,20,,,fold3,2024,26381,3513,0.9835122356922965,0.9547738693467337,0.48821834426453065,0.1,100.0
hist_gradient_boosting,14,10.0,50,,,fold1,42,17989,5617,0.8877851136846273,0.8371361132966169,0.5537134292153356,0.1,200.0
hist_gradient_boosting,14,10.0,50,,,fold1,123,17989,5617,0.8708110416088697,0.8313908313908314,0.4350423298347932,0.1,200.0
hist_gradient_boosting,14,10.0,50,,,fold1,456,17989,5617,0.8769935343692407,0.8440944881889764,0.4497637725973644,0.1,200.0
hist_gradient_boosting,14,10.0,50,,,fold1,789,17989,5617,0.8691321744833211,0.8445146014206788,0.5842710920596683,0.1,200.0
hist_gradient_boosting,14,10.0,50,,,fold1,2024,17989,5617,0.8563660733663001,0.8296875,0.5422223516660799,0.1,200.0
hist_gradient_boosting,14,10.0,50,,,fold2,42,23606,2775,0.9889289544437669,0.9631336405529954,0.6530482478303362,0.1,200.0
hist_gradient_boosting,14,10.0,50,,,fold2,123,23606,2775,0.9875979440859936,0.9609793420045907,0.5093022555154466,0.1,200.0
hist_gradient_boosting,14,10.0,50,,,fold2,456,23606,2775,0.9898479672738834,0.9604957397366383,0.7159899518912581,0.1,200.0
hist_gradient_boosting,14,10.0,50,,,fold2,789,23606,2775,0.9896043041840495,0.9606784888203547,0.624524166506756,0.1,200.0
hist_gradient_boosting,14,10.0,50,,,fold2,2024,23606,2775,0.9850465596048955,0.9547581903276131,0.7569948263332708,0.1,200.0
hist_gradient_boosting,14,10.0,50,,,fold3,42,26381,3513,0.9927889298962808,0.9675767918088737,0.7094402064544649,0.1,200.0
hist_gradient_boosting,14,10.0,50,,,fold3,123,26381,3513,0.9920023971208133,0.9682947729220223,0.7645783774620752,0.1,200.0
hist_gradient_boosting,14,10.0,50,,,fold3,456,26381,3513,0.9903248196571359,0.9604130808950087,0.7829651579202144,0.1,200.0
hist_gradient_boosting,14,10.0,50,,,fold3,789,26381,3513,0.9900657955713856,0.9615384615384616,0.46157523728423744,0.1,200.0
hist_gradient_boosting,14,10.0,50,,,fold3,2024,26381,3513,0.9875692775744325,0.9582267689684569,0.6885033193218416,0.1,200.0
hist_gradient_boosting,15,10.0,50,,,fold1,42,17989,5617,0.8726694139335534,0.8361669242658424,0.3181491691284692,0.2,100.0
hist_gradient_boosting,15,10.0,50,,,fold1,123,17989,5617,0.8541367752730679,0.8300079808459697,0.5901509598982968,0.2,100.0
hist_gradient_boosting,15,10.0,50,,,fold1,456,17989,5617,0.8685752187699396,0.8421900161030595,0.6302576137455056,0.2,100.0
hist_gradient_boosting,15,10.0,50,,,fold1,789,17989,5617,0.8758937932358433,0.8475371383893667,0.46011179521938284,0.2,100.0
hist_gradient_boosting,15,10.0,50,,,fold1,2024,17989,5617,0.8703657253006798,0.8404423380726699,0.5639086795351308,0.2,100.0
hist_gradient_boosting,15,10.0,50,,,fold2,42,23606,2775,0.9884932027337926,0.9601226993865031,0.5602165528092018,0.2,100.0
hist_gradient_boosting,15,10.0,50,,,fold2,123,23606,2775,0.9895779602993848,0.9585253456221198,0.5865053226842434,0.2,100.0
hist_gradient_boosting,15,10.0,50,,,fold2,456,23606,2775,0.991754651128009,0.9656226126814362,0.5304849797014385,0.2,100.0
hist_gradient_boosting,15,10.0,50,,,fold2,789,23606,2775,0.9871207192780269,0.9602446483180428,0.5410229984371845,0.2,100.0
hist_gradient_boosting,15,10.0,50,,,fold2,2024,23606,2775,0.986665460486002,0.9605568445475638,0.6476677356085312,0.2,100.0
hist_gradient_boosting,15,10.0,50,,,fold3,42,26381,3513,0.9922109085301278,0.9659863945578231,0.6511807963469476,0.2,100.0
hist_gradient_boosting,15,10.0,50,,,fold3,123,26381,3513,0.9898062327721995,0.9672977624784854,0.6918542483773648,0.2,100.0
hist_gradient_boosting,15,10.0,50,,,fold3,456,26381,3513,0.9898225489783259,0.9665809768637532,0.7176826995044628,0.2,100.0
hist_gradient_boosting,15,10.0,50,,,fold3,789,26381,3513,0.9894959246196675,0.964406779661017,0.6704242254408586,0.2,100.0
hist_gradient_boosting,15,10.0,50,,,fold3,2024,26381,3513,0.9883302161807275,0.9648671808054842,0.7085085851433092,0.2,100.0
