architecture,fold,seed,n_train_nodes,n_train_labeled,n_val_nodes,n_val_labeled,best_epoch,val_pr_auc,val_f1,val_threshold,train_time_seconds
plain_graphsage,fold1,42,86471,17989,22479,5617,176,0.7461965414224283,0.7179890023566379,0.9360561966896057,104.06
plain_graphsage,fold1,123,86471,17989,22479,5617,191,0.7545408530551475,0.721336370539104,0.8652010560035706,103.62
plain_graphsage,fold1,456,86471,17989,22479,5617,195,0.75014775627251,0.7212073073868149,0.9581867456436157,109.88
symmetrized_graphsage,fold1,42,86471,17989,22479,5617,192,0.7560289972464632,0.7201309328968903,0.9470769166946411,146.17
symmetrized_graphsage,fold1,123,86471,17989,22479,5617,163,0.7697349780332414,0.7315541601255887,0.8664705157279968,132.03
symmetrized_graphsage,fold1,456,86471,17989,22479,5617,174,0.7664572108640422,0.7258064516129032,0.9054028391838074,118.91
direction_aware_graphsage,fold1,42,86471,17989,22479,5617,171,0.7779977883880156,0.7353165522501907,0.807019054889679,165.21
direction_aware_graphsage,fold1,123,86471,17989,22479,5617,149,0.7771856457446708,0.7465587044534413,0.8985466957092285,173.69
direction_aware_graphsage,fold1,456,86471,17989,22479,5617,183,0.7812646108513989,0.7450039968025579,0.8517016768455505,154.51
plain_graphsage,fold2,42,108950,23606,11854,2775,139,0.9623364746840521,0.9130775254502741,0.8937442898750305,134.54
plain_graphsage,fold2,123,108950,23606,11854,2775,189,0.9622288282138207,0.9167950693374423,0.8534583449363708,134.57
plain_graphsage,fold2,456,108950,23606,11854,2775,173,0.9677779291274383,0.9229583975346687,0.8649272918701172,135.1
symmetrized_graphsage,fold2,42,108950,23606,11854,2775,189,0.9748465470919635,0.9375,0.8322669863700867,153.62
symmetrized_graphsage,fold2,123,108950,23606,11854,2775,195,0.9779730491344021,0.940251572327044,0.8924870491027832,155.18
symmetrized_graphsage,fold2,456,108950,23606,11854,2775,194,0.9777045371446373,0.9359073359073359,0.7517310976982117,153.18
direction_aware_graphsage,fold2,42,108950,23606,11854,2775,192,0.9745734791480702,0.9265625,0.8889168500900269,184.17
direction_aware_graphsage,fold2,123,108950,23606,11854,2775,158,0.9765668869408646,0.9270186335403726,0.8729981780052185,182.22
direction_aware_graphsage,fold2,456,108950,23606,11854,2775,163,0.9733575326988939,0.9293089753772835,0.9145861268043518,182.27
plain_graphsage,fold3,42,120804,26381,15461,3513,53,0.8593876358655054,0.8451400329489291,0.9339253306388855,155.7
plain_graphsage,fold3,123,120804,26381,15461,3513,38,0.8613155427757639,0.8423728813559322,0.9495295882225037,159.01
plain_graphsage,fold3,456,120804,26381,15461,3513,63,0.8722469601567957,0.8556962025316456,0.9408273696899414,162.53
symmetrized_graphsage,fold3,42,120804,26381,15461,3513,187,0.9397266534916624,0.8928571428571429,0.9172400832176208,186.89
symmetrized_graphsage,fold3,123,120804,26381,15461,3513,183,0.9448676832678135,0.8977176669484361,0.9514710903167725,179.78
symmetrized_graphsage,fold3,456,120804,26381,15461,3513,154,0.9365416690330169,0.8934010152284264,0.8894891738891602,178.64
direction_aware_graphsage,fold3,42,120804,26381,15461,3513,188,0.9513745889529114,0.9000839630562553,0.9186105132102966,188.6
direction_aware_graphsage,fold3,123,120804,26381,15461,3513,155,0.9512475740568194,0.8960817717206133,0.9162331223487854,209.6
direction_aware_graphsage,fold3,456,120804,26381,15461,3513,147,0.951672009312956,0.9031171019376579,0.8892031311988831,207.9
