fold,seed,condition,val_pr_auc,val_f1,val_threshold,train_time_seconds,n_features
fold1,42,baseline_165,0.8852459252896665,0.8405341712490181,0.4747813419946408,16.12,165
fold1,42,graph_augmented,0.8857434712594477,0.8446153846153847,0.2917960540968641,59.3,499
fold1,123,baseline_165,0.8638734721345607,0.8273092369477911,0.6663666757126582,20.66,165
fold1,123,graph_augmented,0.8594460081909154,0.8288854003139717,0.4555246420451607,67.58,499
fold1,456,baseline_165,0.8758312034956092,0.8399034593724859,0.629040504537168,18.5,165
fold1,456,graph_augmented,0.8571242311059416,0.8384074941451991,0.326634467126223,57.8,499
fold1,789,baseline_165,0.8753316134947247,0.8427773343974462,0.6315404582802466,17.79,165
fold1,789,graph_augmented,0.8738794563745571,0.8413059984813971,0.2937797879993915,57.08,499
fold1,2024,baseline_165,0.8616579217915158,0.8302180685358256,0.4893934228810527,17.78,165
fold1,2024,graph_augmented,0.8657862940897022,0.8337200309358082,0.4353854617794888,56.88,499
fold2,42,baseline_165,0.9878825497215187,0.9621212121212122,0.44611122810541415,19.23,165
fold2,42,graph_augmented,0.9873941804072311,0.9590733590733591,0.61350725202666,63.48,499
fold2,123,baseline_165,0.9880320690502749,0.9609793420045907,0.5205867020186111,19.56,165
fold2,123,graph_augmented,0.9893044707295942,0.965464313123561,0.5780318089763625,64.16,499
fold2,456,baseline_165,0.9900584143553373,0.9657273419649657,0.4996585519428371,19.62,165
fold2,456,graph_augmented,0.9872619707468472,0.9563182527301092,0.6932858083959275,64.44,499
fold2,789,baseline_165,0.9881958419233525,0.9575757575757575,0.3843130663261848,19.43,165
fold2,789,graph_augmented,0.9866543033499876,0.9566563467492261,0.6085066001765158,70.02,499
fold2,2024,baseline_165,0.985649875555313,0.9579188982402448,0.525690334243882,17.97,165
fold2,2024,graph_augmented,0.9822268188987353,0.9566563467492261,0.6238940746075696,58.69,499
fold3,42,baseline_165,0.9927549306711267,0.9680759275237274,0.8176197274135263,18.95,165
fold3,42,graph_augmented,0.9931277741493664,0.96845694799659,0.7208680712969635,61.62,499
fold3,123,baseline_165,0.9921262712964786,0.9654576856649395,0.8358536773341388,18.81,165
fold3,123,graph_augmented,0.9902121066243492,0.9692307692307692,0.6584934180775713,61.99,499
fold3,456,baseline_165,0.9896089290366762,0.9615055603079555,0.7185942605924488,18.41,165
fold3,456,graph_augmented,0.9911851616492726,0.9639794168096055,0.7360518966024108,60.19,499
fold3,789,baseline_165,0.9901671573384159,0.9621993127147767,0.7547899540371522,18.78,165
fold3,789,graph_augmented,0.9868962115289921,0.9600679694137638,0.628478307231472,61.38,499
fold3,2024,baseline_165,0.9904750375742388,0.9642248722316865,0.7225570651779151,19.01,165
fold3,2024,graph_augmented,0.9877650645252137,0.9617672047578589,0.6643422553504437,59.44,499
