fold,seed,alpha,depth,variant,n_val_labeled,val_pr_auc,val_f1,val_threshold,train_time_seconds
fold1,42,0.0,0,tree_only_baseline,5617,0.8852459252896665,0.8405341712490181,0.4747813419946408,17.5
fold1,42,0.0,1,smoothed,5617,0.8852459252896665,0.8405341712490181,0.4747813419946408,17.5
fold1,42,0.1,1,smoothed,5617,0.8612838311283292,0.8426791277258567,0.3766330446458299,17.5
fold1,42,0.2,1,smoothed,5617,0.8502755452198619,0.8441660140955364,0.38739314870386204,17.5
fold1,42,0.3,1,smoothed,5617,0.8431572788134963,0.8443735035913806,0.4669892933934117,17.5
fold1,42,0.4,1,smoothed,5617,0.8360877514568886,0.846703733121525,0.4179599725706377,17.5
fold1,42,0.5,1,smoothed,5617,0.824172012288065,0.8284584980237154,0.4640225212658243,17.5
fold1,42,0.0,2,smoothed,5617,0.8852459252896665,0.8405341712490181,0.4747813419946408,17.5
fold1,42,0.1,2,smoothed,5617,0.8510315716830247,0.8441660140955364,0.39543887086716,17.5
fold1,42,0.2,2,smoothed,5617,0.8390858591113406,0.8448687350835322,0.43099574518283107,17.5
fold1,42,0.3,2,smoothed,5617,0.8309054895683292,0.8399034593724859,0.47036165410347935,17.5
fold1,42,0.4,2,smoothed,5617,0.7957703582112609,0.7912912912912913,0.38661712466161535,17.5
fold1,42,0.5,2,smoothed,5617,0.7466532135802976,0.7324137931034482,0.3096223190297366,17.5
fold1,123,0.0,0,tree_only_baseline,5617,0.8638734721345607,0.8273092369477911,0.6663666757126582,16.66
fold1,123,0.0,1,smoothed,5617,0.8638734721345607,0.8273092369477911,0.6663666757126582,16.66
fold1,123,0.1,1,smoothed,5617,0.8536930643228843,0.8275862068965517,0.5978200274507317,16.66
fold1,123,0.2,1,smoothed,5617,0.8461672042815276,0.8294635708566853,0.5411376099839915,16.66
fold1,123,0.3,1,smoothed,5617,0.8367310399984498,0.8324154209284028,0.4204583480310883,16.66
fold1,123,0.4,1,smoothed,5617,0.8266341406318622,0.8334648776637726,0.41933619265819777,16.66
fold1,123,0.5,1,smoothed,5617,0.8099988849374412,0.8187599364069952,0.47510912252446863,16.66
fold1,123,0.0,2,smoothed,5617,0.8638734721345607,0.8273092369477911,0.6663666757126582,16.66
fold1,123,0.1,2,smoothed,5617,0.8471308072617043,0.8294635708566853,0.5407630939563343,16.66
fold1,123,0.2,2,smoothed,5617,0.8326687000696249,0.8343848580441641,0.411917570396837,16.66
fold1,123,0.3,2,smoothed,5617,0.8217749758030074,0.8295003965107058,0.4511842760316976,16.66
fold1,123,0.4,2,smoothed,5617,0.7661784051031288,0.7590711175616836,0.388894117507913,16.66
fold1,123,0.5,2,smoothed,5617,0.7291225255100959,0.7224489795918367,0.3112721127724783,16.66
fold1,456,0.0,0,tree_only_baseline,5617,0.8758312034956092,0.8399034593724859,0.629040504537168,17.13
fold1,456,0.0,1,smoothed,5617,0.8758312034956092,0.8399034593724859,0.629040504537168,17.13
fold1,456,0.1,1,smoothed,5617,0.8616063968001071,0.841000807102502,0.6115613200655534,17.13
fold1,456,0.2,1,smoothed,5617,0.8547600736687105,0.8431214802896219,0.5441400455610518,17.13
fold1,456,0.3,1,smoothed,5617,0.8470935399625151,0.842948717948718,0.47361986474401396,17.13
fold1,456,0.4,1,smoothed,5617,0.8401626501456635,0.843277645186953,0.4092974965520488,17.13
fold1,456,0.5,1,smoothed,5617,0.826497229871295,0.8268774703557312,0.4467144287258361,17.13
fold1,456,0.0,2,smoothed,5617,0.8758312034956092,0.8399034593724859,0.629040504537168,17.13
fold1,456,0.1,2,smoothed,5617,0.8553399494166134,0.8422738190552442,0.52707783212859,17.13
fold1,456,0.2,2,smoothed,5617,0.8435942810861241,0.8436246992782679,0.44689878161514346,17.13
fold1,456,0.3,2,smoothed,5617,0.8345153649128813,0.8382470119521912,0.4315440346352338,17.13
fold1,456,0.4,2,smoothed,5617,0.8072920687644198,0.8018362662586075,0.3897109539921676,17.13
fold1,456,0.5,2,smoothed,5617,0.7573443940570792,0.7578947368421053,0.3043815214566044,17.13
fold1,789,0.0,0,tree_only_baseline,5617,0.8753316134947247,0.8427773343974462,0.6315404582802466,17.09
fold1,789,0.0,1,smoothed,5617,0.8753316134947247,0.8427773343974462,0.6315404582802466,17.09
fold1,789,0.1,1,smoothed,5617,0.863091784692442,0.8437001594896332,0.5824375365507931,17.09
fold1,789,0.2,1,smoothed,5617,0.857114336786365,0.8448687350835322,0.520112761322145,17.09
fold1,789,0.3,1,smoothed,5617,0.8485499356524592,0.8481510621557828,0.43289066055706427,17.09
fold1,789,0.4,1,smoothed,5617,0.8425829302758776,0.8485804416403786,0.41930518020883434,17.09
fold1,789,0.5,1,smoothed,5617,0.8312314090419095,0.8294635708566853,0.48921700785552,17.09
fold1,789,0.0,2,smoothed,5617,0.8753316134947247,0.8427773343974462,0.6315404582802466,17.09
fold1,789,0.1,2,smoothed,5617,0.8579603648958616,0.8448687350835322,0.5287191526087406,17.09
fold1,789,0.2,2,smoothed,5617,0.846242088582355,0.851063829787234,0.42697288232706243,17.09
fold1,789,0.3,2,smoothed,5617,0.838772519609896,0.8446909667194928,0.44709110623372716,17.09
fold1,789,0.4,2,smoothed,5617,0.8023737879837249,0.8027006751687922,0.39373140230387715,17.09
fold1,789,0.5,2,smoothed,5617,0.7617470647921188,0.7590529247910863,0.30627622385142117,17.09
fold1,2024,0.0,0,tree_only_baseline,5617,0.8616579217915158,0.8302180685358256,0.4893934228810527,16.79
fold1,2024,0.0,1,smoothed,5617,0.8616579217915158,0.8302180685358256,0.4893934228810527,16.79
fold1,2024,0.1,1,smoothed,5617,0.8526167239892894,0.8308651597817615,0.47312694818217976,16.79
fold1,2024,0.2,1,smoothed,5617,0.8473688803074244,0.8315132605304212,0.4691111806698577,16.79
fold1,2024,0.3,1,smoothed,5617,0.8392181426990294,0.8322884012539185,0.47481521061826604,16.79
fold1,2024,0.4,1,smoothed,5617,0.8292316303579573,0.8310864393338621,0.4922723032500055,16.79
fold1,2024,0.5,1,smoothed,5617,0.8128566266434835,0.8225175918686474,0.45323754192590787,16.79
fold1,2024,0.0,2,smoothed,5617,0.8616579217915158,0.8302180685358256,0.4893934228810527,16.79
fold1,2024,0.1,2,smoothed,5617,0.8479235873517006,0.83125,0.4844993542028306,16.79
fold1,2024,0.2,2,smoothed,5617,0.8351943590659442,0.8333333333333334,0.48637490894337987,16.79
fold1,2024,0.3,2,smoothed,5617,0.8232858335133229,0.8328025477707006,0.4770730456059005,16.79
fold1,2024,0.4,2,smoothed,5617,0.78749779284303,0.7706959706959707,0.39896494030648366,16.79
fold1,2024,0.5,2,smoothed,5617,0.7282368855878382,0.7088772845953003,0.3124280798549869,16.79
fold2,42,0.0,0,tree_only_baseline,2775,0.9878825497215187,0.9621212121212122,0.44611122810541415,18.58
fold2,42,0.0,1,smoothed,2775,0.9878825497215187,0.9621212121212122,0.44611122810541415,18.58
fold2,42,0.1,1,smoothed,2775,0.9893455086799936,0.9642041127189642,0.49146939739265466,18.58
fold2,42,0.2,1,smoothed,2775,0.9880244800577819,0.966412213740458,0.502195318235302,18.58
fold2,42,0.3,1,smoothed,2775,0.9849222117660561,0.9672006102212052,0.4868851016347032,18.58
fold2,42,0.4,1,smoothed,2775,0.9828338056204523,0.9699769053117783,0.554761775889548,18.58
fold2,42,0.5,1,smoothed,2775,0.9701856410254176,0.9272030651340997,0.49855341677199294,18.58
fold2,42,0.0,2,smoothed,2775,0.9878825497215187,0.9621212121212122,0.44611122810541415,18.58
fold2,42,0.1,2,smoothed,2775,0.9882645578162766,0.9657794676806084,0.44717568292968657,18.58
fold2,42,0.2,2,smoothed,2775,0.9846174313919738,0.9692780337941628,0.5327408139454332,18.58
fold2,42,0.3,2,smoothed,2775,0.9803435033337531,0.9671002295332823,0.5022722947441373,18.58
fold2,42,0.4,2,smoothed,2775,0.9402539139737383,0.86593707250342,0.39255874331775203,18.58
fold2,42,0.5,2,smoothed,2775,0.9258570192490807,0.8325673013788575,0.3079924701744269,18.58
fold2,123,0.0,0,tree_only_baseline,2775,0.9880320690502749,0.9609793420045907,0.5205867020186111,18.22
fold2,123,0.0,1,smoothed,2775,0.9880320690502749,0.9609793420045907,0.5205867020186111,18.22
fold2,123,0.1,1,smoothed,2775,0.989257059100951,0.9634703196347032,0.47363106893816315,18.22
fold2,123,0.2,1,smoothed,2775,0.9882735384502778,0.964451313755796,0.6148666438797457,18.22
fold2,123,0.3,1,smoothed,2775,0.9874402117454639,0.9665889665889665,0.6495256886447025,18.22
fold2,123,0.4,1,smoothed,2775,0.9840187580861368,0.9690402476780186,0.5769869522530445,18.22
fold2,123,0.5,1,smoothed,2775,0.9691494389923307,0.9177018633540373,0.4998302832334857,18.22
fold2,123,0.0,2,smoothed,2775,0.9880320690502749,0.9609793420045907,0.5205867020186111,18.22
fold2,123,0.1,2,smoothed,2775,0.9882871023958298,0.9634146341463414,0.4932036388615467,18.22
fold2,123,0.2,2,smoothed,2775,0.9869727485748557,0.9667953667953668,0.5915857242892608,18.22
fold2,123,0.3,2,smoothed,2775,0.981386647315564,0.963302752293578,0.4968838771610861,18.22
fold2,123,0.4,2,smoothed,2775,0.9407586903118751,0.8614130434782609,0.3875545619016166,18.22
fold2,123,0.5,2,smoothed,2775,0.9258057026968659,0.8322496749024707,0.29744919248020163,18.22
fold2,456,0.0,0,tree_only_baseline,2775,0.9900584143553373,0.9657273419649657,0.4996585519428371,17.88
fold2,456,0.0,1,smoothed,2775,0.9900584143553373,0.9657273419649657,0.4996585519428371,17.88
fold2,456,0.1,1,smoothed,2775,0.9922002619127518,0.9662058371735791,0.6135333272764505,17.88
fold2,456,0.2,1,smoothed,2775,0.9916016873355531,0.9676425269645609,0.6273539082827977,17.88
fold2,456,0.3,1,smoothed,2775,0.9892642270211306,0.9682907965970611,0.645909453007196,17.88
fold2,456,0.4,1,smoothed,2775,0.9862757530299966,0.968437259430331,0.5721215705282398,17.88
fold2,456,0.5,1,smoothed,2775,0.9721791698412812,0.9285165257494236,0.49816547174220027,17.88
fold2,456,0.0,2,smoothed,2775,0.9900584143553373,0.9657273419649657,0.4996585519428371,17.88
fold2,456,0.1,2,smoothed,2775,0.991708136801303,0.9676425269645609,0.6319535818859774,17.88
fold2,456,0.2,2,smoothed,2775,0.9888685652224719,0.9682907965970611,0.6319792214133448,17.88
fold2,456,0.3,2,smoothed,2775,0.9840375794662636,0.966412213740458,0.49706399754884467,17.88
fold2,456,0.4,2,smoothed,2775,0.9429121864784091,0.8619528619528619,0.3779762406635996,17.88
fold2,456,0.5,2,smoothed,2775,0.9290579816014952,0.8340573414422241,0.5914907459375394,17.88
fold2,789,0.0,0,tree_only_baseline,2775,0.9881958419233525,0.9575757575757575,0.3843130663261848,18.0
fold2,789,0.0,1,smoothed,2775,0.9881958419233525,0.9575757575757575,0.3843130663261848,18.0
fold2,789,0.1,1,smoothed,2775,0.9906621363698174,0.958904109589041,0.4452730389140721,18.0
fold2,789,0.2,1,smoothed,2775,0.9892948070701021,0.9607993850883936,0.5062330115019593,18.0
fold2,789,0.3,1,smoothed,2775,0.9865811801282428,0.9627942293090357,0.38981047790152945,18.0
fold2,789,0.4,1,smoothed,2775,0.9839448596283145,0.9666924864446166,0.5517903528486184,18.0
fold2,789,0.5,1,smoothed,2775,0.9728803638480182,0.9315068493150684,0.49675837175723897,18.0
fold2,789,0.0,2,smoothed,2775,0.9881958419233525,0.9575757575757575,0.3843130663261848,18.0
fold2,789,0.1,2,smoothed,2775,0.989747404275516,0.9603053435114504,0.44924014743933516,18.0
fold2,789,0.2,2,smoothed,2775,0.9863625929925479,0.9642857142857143,0.589920072093368,18.0
fold2,789,0.3,2,smoothed,2775,0.9827416435327407,0.9653579676674365,0.4894001476268983,18.0
fold2,789,0.4,2,smoothed,2775,0.9422143337132112,0.8661202185792349,0.3818767096009399,18.0
fold2,789,0.5,2,smoothed,2775,0.9268424507091433,0.8428005284015853,0.2968135276592592,18.0
fold2,2024,0.0,0,tree_only_baseline,2775,0.985649875555313,0.9579188982402448,0.525690334243882,18.0
fold2,2024,0.0,1,smoothed,2775,0.985649875555313,0.9579188982402448,0.525690334243882,18.0
fold2,2024,0.1,1,smoothed,2775,0.9900776501166055,0.9592621060722522,0.5636542787041696,18.0
fold2,2024,0.2,1,smoothed,2775,0.9884656553939472,0.9601837672281777,0.5202221521948688,18.0
fold2,2024,0.3,1,smoothed,2775,0.9869338737980698,0.9627329192546584,0.6566031600279821,18.0
fold2,2024,0.4,1,smoothed,2775,0.9829728771135667,0.9622205088666153,0.5630002199665067,18.0
fold2,2024,0.5,1,smoothed,2775,0.9699096409770593,0.9185072353389185,0.4957593261993612,18.0
fold2,2024,0.0,2,smoothed,2775,0.985649875555313,0.9579188982402448,0.525690334243882,18.0
fold2,2024,0.1,2,smoothed,2775,0.9890283439358536,0.9602446483180428,0.5083673271541925,18.0
fold2,2024,0.2,2,smoothed,2775,0.9864330535099313,0.9624521072796934,0.5092710212070874,18.0
fold2,2024,0.3,2,smoothed,2775,0.9811659799716986,0.9615975422427036,0.500249188189958,18.0
fold2,2024,0.4,2,smoothed,2775,0.9405210340046366,0.8608282416836388,0.38736990023508855,18.0
fold2,2024,0.5,2,smoothed,2775,0.925340817834745,0.8365068942875903,0.303718700618416,18.0
fold3,42,0.0,0,tree_only_baseline,3513,0.9927549306711267,0.9680759275237274,0.8176197274135263,19.35
fold3,42,0.0,1,smoothed,3513,0.9927549306711267,0.9680759275237274,0.8176197274135263,19.35
fold3,42,0.1,1,smoothed,3513,0.992840712515005,0.9716251074806534,0.7359750370750799,19.35
fold3,42,0.2,1,smoothed,3513,0.9914357363129784,0.9717223650385605,0.6543303467366337,19.35
fold3,42,0.3,1,smoothed,3513,0.9903217753222775,0.9741824440619621,0.6194511047987831,19.35
fold3,42,0.4,1,smoothed,3513,0.9881715225726746,0.9744897959183674,0.4910409660597409,19.35
fold3,42,0.5,1,smoothed,3513,0.9807520294647452,0.9604130808950087,0.4964207291318772,19.35
fold3,42,0.0,2,smoothed,3513,0.9927549306711267,0.9680759275237274,0.8176197274135263,19.35
fold3,42,0.1,2,smoothed,3513,0.9916222762281894,0.9725557461406518,0.6685150411962605,19.35
fold3,42,0.2,2,smoothed,3513,0.9903148650811796,0.9741824440619621,0.5860671886609383,19.35
fold3,42,0.3,2,smoothed,3513,0.9874697330813377,0.9751499571550986,0.49619544103435853,19.35
fold3,42,0.4,2,smoothed,3513,0.9443402165934762,0.8803088803088803,0.3963397351429514,19.35
fold3,42,0.5,2,smoothed,3513,0.9125133005848615,0.8372434017595308,0.31186513564873963,19.35
fold3,123,0.0,0,tree_only_baseline,3513,0.9921262712964786,0.9654576856649395,0.8358536773341388,19.05
fold3,123,0.0,1,smoothed,3513,0.9921262712964786,0.9654576856649395,0.8358536773341388,19.05
fold3,123,0.1,1,smoothed,3513,0.9920164147145352,0.9670710571923743,0.800795471233745,19.05
fold3,123,0.2,1,smoothed,3513,0.9906205432349849,0.9680207433016422,0.7207195952048225,19.05
fold3,123,0.3,1,smoothed,3513,0.9893210558064076,0.9663503019844694,0.6459016249626106,19.05
fold3,123,0.4,1,smoothed,3513,0.9853349678096786,0.9685641461342396,0.4989097193558971,19.05
fold3,123,0.5,1,smoothed,3513,0.9749902614118873,0.9473684210526315,0.4989969207095683,19.05
fold3,123,0.0,2,smoothed,3513,0.9921262712964786,0.9654576856649395,0.8358536773341388,19.05
fold3,123,0.1,2,smoothed,3513,0.9907317397406361,0.967409948542024,0.6834059843029008,19.05
fold3,123,0.2,2,smoothed,3513,0.9885909090257169,0.9670710571923743,0.6315837356669125,19.05
fold3,123,0.3,2,smoothed,3513,0.9836529721889518,0.9658703071672355,0.4904606821358215,19.05
fold3,123,0.4,2,smoothed,3513,0.9378969120093525,0.8742331288343558,0.3899925139350173,19.05
fold3,123,0.5,2,smoothed,3513,0.9085399240810075,0.8312816799420709,0.30122246810915915,19.05
fold3,456,0.0,0,tree_only_baseline,3513,0.9896089290366762,0.9615055603079555,0.7185942605924488,19.58
fold3,456,0.0,1,smoothed,3513,0.9896089290366762,0.9615055603079555,0.7185942605924488,19.58
fold3,456,0.1,1,smoothed,3513,0.9901726750119781,0.9646856158484065,0.7286376404030795,19.58
fold3,456,0.2,1,smoothed,3513,0.9889453593169938,0.9646246764452114,0.6810204085708113,19.58
fold3,456,0.3,1,smoothed,3513,0.9874470399205317,0.9651567944250871,0.6729909357429157,19.58
fold3,456,0.4,1,smoothed,3513,0.9830253222742396,0.9625212947189097,0.51118942912247,19.58
fold3,456,0.5,1,smoothed,3513,0.9714936893636723,0.9454855195911414,0.4949960106137062,19.58
fold3,456,0.0,2,smoothed,3513,0.9896089290366762,0.9615055603079555,0.7185942605924488,19.58
fold3,456,0.1,2,smoothed,3513,0.9893288977663828,0.9646246764452114,0.6957573680325342,19.58
fold3,456,0.2,2,smoothed,3513,0.9871765195471763,0.9643788010425717,0.6381716731878659,19.58
fold3,456,0.3,2,smoothed,3513,0.9806500646734551,0.9622641509433962,0.5057366116289336,19.58
fold3,456,0.4,2,smoothed,3513,0.9371906265091512,0.8687022900763359,0.39619162452501977,19.58
fold3,456,0.5,2,smoothed,3513,0.9058013694194236,0.8254931714719271,0.3454702316208179,19.58
fold3,789,0.0,0,tree_only_baseline,3513,0.9901671573384159,0.9621993127147767,0.7547899540371522,20.17
fold3,789,0.0,1,smoothed,3513,0.9901671573384159,0.9621993127147767,0.7547899540371522,20.17
fold3,789,0.1,1,smoothed,3513,0.9914008018046649,0.9639175257731959,0.7044210640624672,20.17
fold3,789,0.2,1,smoothed,3513,0.9895445533392117,0.9639794168096055,0.6461834798903852,20.17
fold3,789,0.3,1,smoothed,3513,0.988197519016508,0.9642857142857143,0.5576034794392453,20.17
fold3,789,0.4,1,smoothed,3513,0.9818509433151285,0.9639794168096055,0.5438091928059672,20.17
fold3,789,0.5,1,smoothed,3513,0.9714689539054001,0.9453924914675768,0.4955140033878209,20.17
fold3,789,0.0,2,smoothed,3513,0.9901671573384159,0.9621993127147767,0.7547899540371522,20.17
fold3,789,0.1,2,smoothed,3513,0.9898938169904561,0.9639794168096055,0.6560067044283924,20.17
fold3,789,0.2,2,smoothed,3513,0.9874903402175168,0.9650468883205456,0.5413202790892978,20.17
fold3,789,0.3,2,smoothed,3513,0.9809660743748025,0.9608843537414966,0.48491680844600965,20.17
fold3,789,0.4,2,smoothed,3513,0.9425925829585364,0.8739495798319328,0.37052955940245746,20.17
fold3,789,0.5,2,smoothed,3513,0.9127103689949797,0.8298027757487217,0.3088748113698935,20.17
fold3,2024,0.0,0,tree_only_baseline,3513,0.9904750375742388,0.9642248722316865,0.7225570651779151,19.89
fold3,2024,0.0,1,smoothed,3513,0.9904750375742388,0.9642248722316865,0.7225570651779151,19.89
fold3,2024,0.1,1,smoothed,3513,0.9925771579755233,0.9661164205039097,0.8393526165104948,19.89
fold3,2024,0.2,1,smoothed,3513,0.9902036740369288,0.9679653679653679,0.7400989104893203,19.89
fold3,2024,0.3,1,smoothed,3513,0.9870417500796087,0.9689655172413794,0.665292470701507,19.89
fold3,2024,0.4,1,smoothed,3513,0.9834773574838179,0.9682947729220223,0.5698012256218913,19.89
fold3,2024,0.5,1,smoothed,3513,0.9728322050684978,0.9504273504273504,0.4978255744881192,19.89
fold3,2024,0.0,2,smoothed,3513,0.9904750375742388,0.9642248722316865,0.7225570651779151,19.89
fold3,2024,0.1,2,smoothed,3513,0.990908456929731,0.9679653679653679,0.7439780120372461,19.89
fold3,2024,0.2,2,smoothed,3513,0.986690478305721,0.9689655172413794,0.6352389137678984,19.89
fold3,2024,0.3,2,smoothed,3513,0.9813957866822662,0.969335604770017,0.501398487282076,19.89
fold3,2024,0.4,2,smoothed,3513,0.938994118801855,0.8721461187214612,0.39242395787618245,19.89
fold3,2024,0.5,2,smoothed,3513,0.9091668960873398,0.8292319164802386,0.33313420254824844,19.89
