seed,condition,threshold,precision,recall,f1,roc_auc,pr_auc
42,static,0.8176197274135263,0.9302884615384616,0.7146814404432132,0.808355091383812,0.9358687345167307,0.7936372320185253
42,adaptive,0.8176197274135263,0.2847682119205298,0.7543859649122807,0.41346153846153844,0.7944902353400662,0.1763586308541792
123,static,0.8358536773341388,0.9465838509316771,0.703601108033241,0.8072033898305084,0.9336783067500494,0.7927139468522826
123,adaptive,0.8358536773341388,0.3048956083513319,0.7820867959372114,0.43874643874643876,0.8202025257096542,0.18498150248509976
456,static,0.7185942605924488,0.8322649572649573,0.7192982456140351,0.7716691431401684,0.9384376413779956,0.7929708429673291
456,adaptive,0.7185942605924488,0.4331026528258362,0.6934441366574331,0.5331913383031593,0.8017741659257327,0.24561931308435425
789,static,0.7547899540371522,0.8701007838745801,0.7174515235457064,0.7864372469635628,0.9432998744544147,0.7980940426164148
789,adaptive,0.7547899540371522,0.3077894736842105,0.6749769159741459,0.42278773857721225,0.7620941664754721,0.1741360191132628
2024,static,0.7225570651779151,0.8099688473520249,0.7202216066481995,0.7624633431085044,0.9440237771834508,0.7988629254570827
2024,adaptive,0.7225570651779151,0.4116475858636137,0.7636195752539243,0.5349288486416559,0.8351166694834895,0.24510280945292193
