time_step,Logistic Regression,Random Forest,Static GraphSAGE,Adaptive GraphSAGE,Static HGB (context),Adaptive HGB (context)
35,0.7070707070707071,0.9643835616438357,0.7559055118110236,0.7559055118110236,0.9598477022162101,0.9598477022162101
36,0.14246575342465753,0.7936507936507936,0.3125,0.3384615384615385,0.8682966133946526,0.8410407951104764
37,0.4266666666666667,0.7384615384615385,0.4752475247524752,0.6046511627906976,0.7453846153846154,0.7559698013429357
38,0.4987012987012987,0.8629441624365483,0.5836065573770491,0.7679324894514767,0.9277670543127154,0.7916230535513928
39,0.4,0.9230769230769231,0.717948717948718,0.7562189054726368,0.9008400532261245,0.6339174916641973
40,0.3870967741935484,0.7553191489361702,0.5275590551181102,0.5576208178438662,0.7463811559808502,0.5715252641745381
41,0.3578154425612053,0.9230769230769231,0.5435540069686411,0.6346863468634686,0.9468972858062795,0.4763884802061794
42,0.5101311084624554,0.8683602771362586,0.6330097087378641,0.6617375231053605,0.8536530492597716,0.5880534382424459
43,0.02680067001675042,0.0,0.0,0.0,0.0,0.06204511988622596
44,0.029978586723768737,0.04878048780487805,0.0425531914893617,0.03636363636363636,0.05027097368024312,0.03526813195847602
45,0.02030456852791878,0.0,0.0,0.0,0.0,0.005263157894736842
46,0.02702702702702703,0.4,0.07407407407407407,0.09090909090909091,0.05,0.016498316498316498
47,0.075,0.0,0.0,0.0,0.0,0.1305251411157088
48,0.5274725274725275,0.0,0.0,0.0,0.0,0.16543123543123545
49,0.31343283582089554,0.03333333333333333,0.023255813953488372,0.0,0.00625,0.20614551083591331
